RefNo,Text
1,"B.A.VORONTSOV-VELYAMINOV,A.A.KRASNOGORSKAJA,V.P.ARKHIPOVA,"
1,"MOSCOW STATE UNIVERSITY, MOSCOW,VOL.1-4,1962,1963,"
1,"1964,1968,"
1,MORPHOLOGICAL CATALOGUE OF GALAXIES.
1,(magnitudes estimated from the blue prints of PA)
2,"F.ZWICKY,E.HERZOG,P.WILD,M.KARPOWICZ,C.KOWAL,   CALIFORNIA"
2,"INSTITUTE OF TECHNOLOGY,PASADENA,VOL.1-6,1961,"
2,"1963,1965,1966,1968A,1968B,"
2,CATALOGUE OF GALAXIES AND OF CLUSTERS OF GALAXIES.
2,(photographic magnitudes)
3,"E.HOLMBERG,   MEDD.LUNDS ASTR.OBS.,VOL.136,1958,PP1-102,"
3,A PHOTOGRAPHIC PHOTOMETRY OF EXTRAGALACTIC NEBULAE
3,(photographic magnitudes)
4,"M.L.HUMASON,N.U.MAYALL,A.R.SANDAGE,   ASTRON.J.,VOL.61,"
4,"1956,PP97-161,"
4,REDSHIFTS AND MAGNITUDES OF EXTRAGALACTIC NEBULAE.
4,(photoelectric magnitudes)
5,"E.PETTIT,   ASTROPHYS.J.,VOL.120,1954,PP413-438,"
5,MAGNITUDES AND COLOR INDICES OF EXTRAGALACTIC
5,NEBULAE DETERMINED PHOTOELECTRICALLY
5,(photoelectric magnitudes)
6,"H.SHAPLEY,A.AMES   ANN.HARV.COLL.OBS.,VOL.88,1932,PP43-75,"
6,A SURVEY OF THE EXTERNAL GALAXIES BRIGHTER THAN
6,THE THIRTEENTH MAGNITUDE.
6,(photographic magnitudes)
7,"E.HOLMBERG,   ANN.OBS.LUND,VOL.6,1937,PP1-167,"
7,A STUDY OF DOUBLE AND MULTIPLE GALAXIES
7,(photographic magnitudes)
8,"A.REIZ,   ANN.OBS.LUND,VOL.9,1941,PP1-94,"
8,A STUDY OF EXTERNAL GALAXIES WITH SPECIAL REGARD
8,TO THE DISTRIBUTION PROBLEM.
8,(photographic magnitudes)
9,"J.H.BIGAY,   ANN.ASTROPHYS.,VOL.14,1951,PP319-382,"
9,PHOTOMETRIE PHOTOGRAPHIQUE DES NEBULEUSES
9,EXTRAGALACTIQUES.
9,(photographic magnitudes)
10,"P.NILSON,   UPPSALA ASTR.OBS.ANN.,VOL.1,1973,PP1-456,"
10,UPPSALA GENERAL CATALOGUE OF GALAXIES.
10,(visual estimations of magnitudes)
11,"B.A.VORONTSOV-VELYAMINOV,   SOOBSHCH.GOS.ASTR.INST.P.K."
11,"STERNBERGA,VOL.166,1970,PP3-18,"
11,MASSES AND INTERNAL MOTIONS IN GALAXIES.CRITICAL
11,SUMMARY.
11,(rotational velocity)
12,"N.U.MAYALL,P.O.LINDBLAD,   ASTRON.ASTROPHYS.,VOL.8,1970,"
12,"PP364-374,"
12,MEAN ROTATIONAL VELOCITIES OF 56 GALAXIES.
12,(rotational velocity)
13,"W.G.TIFFT,   ASTRON.J.,VOL.66,1961,PP390-404,"
13,MULTICOLOR PHOTOELECTRIC PHOTOMETRY OF BRIGHT
13,GALAXIES.I.
13,"W.G.TIFFT,   ASTRON.J.,VOL.68,1963,PP302-318,"
13,MULTICOLOR PHOTOELECTRIC PHOTOMETRY OF BRIGHT
13,GALAXIES.II.
13,(U-B and B-V colors)
14,"J.STEBBINS,A.E.WHITFORD,   ASTROPHYS.J.,VOL.108,1948,"
14,"PP413-428,"
14,SIX-COLOR PHOTOMETRY OF STARS.VI. THE COLORS OF
14,EXTRAGALACTIC NEBULAE.
14,"J.STEBBINS,A.E.WHITFORD,   ASTROPHYS.J.,VOL.115,1952,"
14,"PP284-300,"
14,MAGNITUDES AND COLORS OF 176 EXTRAGALACTIC NEBULAE
14,(U-B and B-V colors)
15,"P.W.HODGE,   ASTR.J.,VOL.68,1963,PP237-241,"
15,INTEGRATED UBV PHOTOMETRY OF EARLY-TYPE GALAXIES.
15,(U-B and B-V colors)
16,"D.W.WEEDMAN,   ASTROPHYS.J.,VOL.171,1972,PP5-12,"
16,EMISSION-LINE INTENSITIES AND UBV MAGNITUDES FOR
16,TWENTY-THREE MARKARIAN GALAXIES
16,"D.W.WEEDMAN,E.YE.KHACHIKIAN,   ASTROFIZIKA,VOL.4,1968,"
16,"PP587-594,"
16,SPECTRAL OBSERVATIONS OF MARKARIAN GALAXIES WITH
16,ULTRAVIOLET CONTINUUM.I.
16,"D.W.WEEDMAN,E.YE.KHACHIKIAN,   ASTROFIZIKA,VOL.5,1969,"
16,"PP113-122,"
16,SPECTRAL OBSERVATIONS OF MARKARIAN GALAXIES WITH
16,ULTRAVIOLET CONTINUUM.II.
16,(U-B and B-V colors)
17,"E.A.DIBAY,   ASTROFIZIKA,VOL.6,1970,PP350-354,"
17,THE ESTIMATION OF BRIGHTNESS OF SELECTED MARKARIAN
17,GALAXIES.
17,(U-B and B-V colors)
18,"C.J.WEBB,   ASTRON.J.,VOL.69,1964,PP442-446,"
18,INTEGRATED UBV PHOTOMETRY OF MEMBERS OF THE LEO
18,GROUP OF GALAXIES.
18,(U-B and B-V colors)
19,"W.L.W.SARGENT,   ASTROPHYS.J.,VOL.160,1970,PP405-427,"
19,A SPECTROSCOPIC SURVEY OF COMPACT AND PECULIAR
19,GALAXIES.
19,(U-B and B-V colors)
20,"D.L.DUPUY,   ASTRON.J.,VOL.75,1970,PP1143-1147,"
20,NEW OBSERVATIONS OF BLUE HARO GALAXIES.
20,(U-B and B-V colors)
21,"G.DE VAUCOULEURS,A.DE VAUCOULEURS,"
21,"THE UNIVERSITY OF TEXAS PRESS,AUSTIN,1964,"
21,REFERENCE CATALOGUE OF BRIGHT GALAXIES.
21,"(U-B and B-V colors, radial velocities)"
21,"G.DE VAUCOULEURS,A.DE VAUCOULEURS,   MEM.RAS,VOL.77,1972,"
21,"PP1-53,"
21,INTEGRATED MAGNITUDES AND COLORS OF BRIGHT GALAXIE
21,S INTO THE UBV SYSTEM.
21,(U-B and B-V colors)
21,"A.DE VAUCOULEURS,G.DE VAUCOULEURS,   ASTRON.J.,VOL.72,1967,"
21,"PP730-737,"
21,NEW REDSHIFTS OF BRIGHT GALAXIES.
21,(radial velocities observed and corrected for solar motion)
22,"B.E.WESTERLUND,J.V.WALL,   ASTRON.J.,VOL.74,1969,PP335-351,"
22,"THREE-COLOR PHOTOMETRY OF SOUTHERN QSO'S, RADIO"
22,GALAXIES AND NORMAL GALAXIES.
22,(U-B and B-V colors)
23,"E.C.KINTNER,   ASTRON.J.,VOL.76,1971,PP409-411,"
23,NEW RADIAL VELOCITIES OF GALAXIES FROM IMAGE-TUBE
23,SPECTRA.
23,(radial velocities observed and corrected for solar motion)
24,"M.-H.J.ULRICH,   ASTROPHYS.J.,VOL.163,1971,PP441-447,"
24,SPECTROGRAPHIC OBSERVATIONS OF TWENTY-EIGHT
24,MARKARIAN GALAXIES.
24,(radial velocities corrected for solar motion)
25,"G.CHINCARINI,H.J.ROOD,   ASTRON.J.,VOL.77,1972,PP4-8,"
25,RADIAL VELOCITIES OF GALAXIES.
25,(radial velocities observed and corrected for solar motion)
26,"L.BOTTINELLI,P.CHAMARAUX,L.GOUGUENHEIM,R.LAUQUE,   ASTRON."
26,"ASTROPHYS.,VOL.6,1970,PP453-459,"
26,MEASUREMENTS OF NEUTRAL ATOMIC HYDROGEN IN
26,RELATIVELY EARLY TYPE GALAXIES.
26,(radial velocities observed and corrected for solar motion)
27,"W.L.W.SARGENT,   ASTROPHYS.J.,VOL.159,1970,PP765-772,"
27,THE SPECTRA AND REDSHIFTS OF THIRTY MARKARIAN
27,GALAXIES WITH ULTRAVIOLET CONTINUA.
27,(radial velocities corrected for solar motion)
27,"W.L.W.SARGENT,   ASTROPHYS.J.,VOL.173,1972,PP7-24,"
27,THE SPECTRA OF 80 GALAXIES IN MARKARIAN'S SECOND
27,LIST AND THE SPACE DENSITY OF THE MARKARIAN
27,GALAXIES.
28,"T.PAGE,   ASTROPHYS.J.,VOL.116,1952,PP63-80,"
28,RADIAL VELOCITIES AND MASSES OF DOUBLE GALAXIES.
28,(radial velocities observed and corrected for solar motion)
29,"E.K.DENISYUK,   ASTRON.CIRK.,VOL.615,1971,PP4-6,"
29,SPECTRAL OBSERVATIONS OF MARKARIAN GALAXIES.I.
29,"E.K.DENISYUK,   ASTRON.CIRK.,VOL.621,1971,PP7-8,"
29,SPECTRAL OBSERVATIONS OF MARKARIAN GALAXIES.II.
29,(radial velocities observed and corrected for solar motion)
30,"R.BARBON,   KITT PEAK NAT.OBS.CONTR.,VOL.436,1969,"
30,"PP211-221,"
30,SPECTROSCOPIC AND PHOTOGRAPHIC OBSERVATIONS OF
30,COMPACT GALAXIES.I.
30,"R.BARBON,   KITT PEAK NAT.OBS.CONTR.,VOL.510,1969,"
30,"PP559-574,"
30,SPECTROSCOPIC AND PHOTOGRAPHIC OBSERVATIONS OF
30,COMPACT GALAXIES.II.
30,(radial velocities observed and corrected for solar motion)
31,"G.J.CARRANZA,   OBSERVATORY,VOL.87,1967,PP38-40,"
31,RADIAL VELOCITIES OF SOUTHERN GALAXIES.
31,(radial velocities observed and corrected for solar motion)
32,"P.W.HODGE,A.E.MERCHANT,   ASTROPHYS.J.,VOL.144,1966,"
32,PP875-885
32,PHOTOMETRY OF SO GALAXIES.II.
32,(radial velocities corrected for solar motion)
33,"K.RUDNICKI,I.TARRARO,   ACTA ASTR.,VOL.19,1969,"
33,PP171-172
33,REDSHIFTS OF SIX GALAXIES IN THE VICINITY OF THE
33,COMA CLUSTER.
33,(observed radial velocities)
34,"M.L.DE JONG,   ASTROPHYS.J.,VOL.150,1967,PP1-8,"
34,RADIO OBSERVATIONS OF GALAXIES.
34,(radio emission at 2695 MHz)
35,"D.H.ROGSTAD,R.D.EKERS,   ASTROPHYS.J.,VOL.157,1969,"
35,"PP481-494,"
35,RADIO SOURCES AND ELLIPTICAL GALAXIES.
35,(radio emission at 2640 MHz and 1400 MHz)
36,"D.S.HEESCHEN,   PUBL.NAT.RADIO ASTR.OBS.,VOL.1,1961,"
36,"PP129-154,"
36,RADIO OBSERVATIONS OF GALAXIES.
36,"(radio emission at 3000,1400,750 and 440 MHz)"
37,"H.M.TOVMASSIAN,   AUSTR.J.PHYS.,VOL.19,1966,PP883-892,"
37,RADIO EMISSION OF THE NUCLEI OF BARRED SPIRAL
37,GALAXIES.
37,"H.M.TOVMASSIAN,   AUSTR.J.PHYS.,VOL.21,1968,PP193-200,"
37,RADIO EMISSION OF 158 GALAXIES.
37,"(radio emission at 2695,1400 and 400 MHz)"
38,"D.S.HEESCHEN,   ASTR.J.,VOL.75,1970,PP523-528,"
38,RADIO OBSERVATIONS OF E AND SO GALAXIES.
38,(radio emission at 4995 MHz and 2695 MHz)
39,"V.N.KURILCHIK,G.A.SYTSKO,   ASTR.ZHURN.AKAD.NAUK SSSR,"
39,"VOL.42,1965,PP531-536,"
39,THE RADIO EMISSION OF GALAXIES AT 32 CM.
39,"V.N.KURILCHIK,   ASTR.ZHURN.AKAD.NAUK SSSR,VOL.43,1966,"
39,"PP3-6,"
39,RADIO EMISSION OF GALAXIES AT 32 AND 8 CM.
39,(radio emission at 3700 and 920 MHz)
40,"V.N.KURILCHIK,L.V.ONISHCHENKO,V.M.TUREVSKY,   ASTRON.ZHURN."
40,"AKAD.NAUK SSSR,VOL.44,1967,PP665-667,"
40,RADIO RADIATION OF NORMAL GALAXIES AT 8 CM.
40,(radio emission at 3700 MHz)
41,"J.WHITEOAK,   ASTROPHYS.LETTERS,VOL.5,1970,PP29-32,"
41,OBSERVATIONS OF NORMAL GALAXIES AT 5000 MHZ.
41,(radio emission at 5010 MHz)
42,"K.R.LANG,I.TERZIAN,   ASTROPHYS.LETTERS,VOL.3,1969,PP29-31,"
42,RADIO EMISSION OF NORMAL GALAXIES.
42,(radio emission at 611 MHz and 430 MHz)
43,"D.S.HEESCHEN,C.M.WADE,   ASTR.J.,VOL.69,1964,PP277-287,"
43,A RADIO SURVEY OF GALAXIES.
43,(radio emission at 1400 MHz and 750 MHz)
44,"O.DE LA BEAUJARDIERE,I.KAZES,A.M.LE SQUEREN,NGUYEN-QUANG-"
44,"RIEU,   ANN.ASTROPHYS.,VOL.31,1968,PP387-400,"
44,ETUDE DES GALAXIES NORMALES SUR 1415 MHZ.I.
44,OBSERVATIONS DE GALAXIES NORMALES A 1415 MHZ.
44,(radio emission at 1415 MHz)
45,"J.LEQUEUX,   ASTRON.ASTROPHYS.,VOL.15,1971,PP30-41,"
45,THE RADIO CONTINUUM OF GALAXIES.I.OBSERVATIONS.
45,(radio emission at 1420 MHz)
46,"J.L.CASWELL,D.WILLS,   MON.NOT.R.ASTR.SOC.,VOL.135,1967,"
46,"PP231-242,"
46,IDENTIFICATIONS OF RADIO SOURCES WITH BRIGHT
46,GALAXIES.
46,(radio emission at 178 MHz)
47,"KO AIZU,   PUBL.ASTR.SOC.JUPAN,VOL.18,1966,PP219-228,"
47,A SEARCH FOR IDENTIFICATION OF SOME RADIO SOURCES
47,IN THE FIRST SECTION OF THE 4C CATALOGUE WITH
47,GALAXIES.
47,(radio emission at 178 MHz)
48,"M.J.CAMERON,J.R.GLANFIELD,MON.NOT.R.ASTR.SOC.,VOL.141,1968,"
48,"PP145-164,"
48,FAN BEAM OBSERVATIONS OF BRIGHT GALAXIES AT 408MHZ
48,"M.J.CAMERON,   MON.NOT.R.ASTR.SOC.,VOL.152,1971,PP403-428,"
48,PENCIL-BEAM OBSERVATIONS OF BRIGHT GALAXIES AT
48,408 MHZ
48,(radio emission at 408 MHz)
49,"H.M.JONSON,J.M.MACLEOD,   PASP,VOL.75,1963,PP123-132,"
49,THE SPATIAL DISTRIBUTION OF SUPERNOVAE IN GALAXIES
49,"F.ZWICKY,J.BERGER,H.S.GATES,K.RUDNICKI,   PASP,VOL.75,1963,"
49,"PP236-238,"
49,THE 1962 PALOMAR SUPERNOVA SEARCH.
49,"F.ZWICKY,   PASP,VOL.76,1964,PP325-327,"
49,THE 1963 PALOMAR SUPERNOVA SEARCH.
49,"F.ZWICKY,   PASP,VOL.77,1965,PP456-460,"
49,THE 1964 PALOMAR SUPERNOVA SEARCH.
49,"F.ZWICKY,   PASP,VOL.78,1966,PP471-473,"
49,THE 1965 PALOMAR SUPERNOVA SEARCH.
49,"F.ZWICKY,   PASP,VOL.79,1967,PP456-459,"
49,THE 1966 PALOMAR SUPERNOVA SEARCH.
49,"F.ZWICKY,   PASP,VOL.80,1968,PP462-465,"
49,THE 1967 PALOMAR SUPERNOVA SEARCH.
49,"M.KARPOWICZ,K.RUDNICKI,PUBL.ASTRON.OBS.,WARSAW UNIVERS.,"
49,"VOL.15,1968,"
49,PRELIMINARY CATALOGUE OF SUPERNOVAE.
49,"F.ZWICKY,W.L.W.SARGENT,C.KOWAL,   PASP,VOL.81,1969"
49,"PP224-229,"
49,THE 1968 PALOMAR SUPERNOVA SEARCH.
49,"C.KOWAL,W.L.W.SARGENT,F.ZWICKY,   PASP,VOL.82,1970,"
49,"PP736-740,"
49,THE 1969 PALOMAR SUPERNOVA SEARCH.
49,"CHECK-SEN CHAI,S.VAN DEN BERGH,   ASTR.  J.,VOL.75,1970,"
49,"PP672-673,"
49,SUPERNOVAE IN A RANDOM SAMPLE OF GALAXIES.
49,(year of supernova burst)
50,"A.T.KALLOGLIAN,H.M.TOVMASSIAN,   SOOBSHCH.BYURAK.OBS.,"
50,"VOL.36,1964,PP31-43,"
50,THE NUCLEI OF BARRED GALAXIES.
50,"H.M.TOVMASSIAN,   ASTROFIZIKA,VOL.1,1965,PP197-202,"
50,ON THE NUCLEI OF BARRED GALAXIES.
50,"H.M.TOVMASSIAN,   ASTROFIZIKA,VOL.2,1966.PP317-323,"
50,THE NUCLEI OF SOUTHERN BARRED GALAXIES.
50,"H.M.TOVMASSIAN,   ASTROFIZIKA,VOL.3,1967,PP427-429,"
50,ON IRREGULAR GALAXIES OF M82 TYPE.
50,"H.M.TOVMASSIAN,   ASTROFIZIKA,VOL.3,1967,PP555-564,"
50,ON RADIO EMISSION OF SPIRAL GALAXIES.
50,"C.A.SAHAKIAN,   ASTROFIZIKA,VOL.4,1968,PP41-57,"
50,ON THE CENTRAL CONDENSATIONS IN 56 GALAXIES.
50,"S.G.ISKUDARIAN,   ASTROFIZIKA,VOL.4,1968,PP385-408,"
50,THE NUCLEI OF SC GALAXIES.
50,"K.A.SAHAKIAN,   ASTROFIZIKA,VOL.5,1969,PP593-602,"
50,ON THE CENTRAL CONDENSATIONS IN SA GALAXIES.
50,(nuclear galaxy classification by Byurakan system)
51,"J.L.SERSIC,   OBSERVATORY,VOL.79,1959,PP54-56,"
51,THE HII REGIONS AS DISTANCE INDICATORS.
51,"J.L.SERSIC,   Z.ASTROPHYS.,VOL50,1960,PP168-177,"
51,THE HII REGIONS IN GALAXIES.
51,(the number of HII regions in galaxies)
52,"P.W.HODGE,   ASTR.J.,VOL.72,1967,PP129-133,"
52,A SURVEY OF HII REGIONS IN GALAXIES.
52,"P.W.HODGE,   ASTROPHYS.J.,VOL.155,1969,PP417-428,"
52,THE RADIAL DISTRIBUTION OF HII REGIONS IN SPIRAL
52,GALAXIES.
52,"P.W.HODGE,   ASTROPHYS.J.,VOL.156,1969,PP847-852,"
52,DISTRIBUTION OF NII REGIONS IN IRREGULAR GALAXIES.
52,"P.W.HODGE,   ASTROPHYS.J.SUPPL.SER.,VOL.157,1969,PP73-84,"
52,HII REGIONS IN TWENTY NEARBY GALAXIES.
52,(the number of HII regions in galaxies.)
53,"P.VERON,A.SAUVAYRE,   ANN.ASTROPHYS.,VOL.28,1965,PP698-702,"
53,ETUDES DES GALAXIES EN LUMIERE MONOCHROMATIQUE
53,H ALPHA.II.
53,(the number of HII regions in galaxies)
54,"N.U.MAYALL,   LICK OBS.BULL.,VOL.497,1939,PP33-39,"
54,THE OCCURRENCE OF LAMBDA3727  OII  IN THE SPECTRA
54,OF EXTRAGALACTIC NEBULAE.
54,"M.L.HUMASON,N.U.MAYALL,A.R.SANDAGE,   ASTRON.J.,VOL.61,"
54,"1956,PP97-161,"
54,REDSHIFTS AND MAGNITUDES OF EXTRAGALACTIC NEBULAE.
54,"D.W.WEEDMAN,E.YE.KHACHIKIAN,   ASTROFIZIKA,VOL.4,1968,"
54,PP587-594
54,SPECTRAL OBSERVATIONS OF MARKARIAN'S GALAXIES
54,WITH ULTRAVIOLET CONTINUUM.I.
54,"M.A.ARAKELIAN,E.A.DIBAY,V.F.YESIPOV,   ASTROFIZIKA,VOL.6,"
54,"1970,PP39-48,"
54,THE SPECTRA OF MARKARIAN GALAXIES.I.
54,(the occurrence of emission lines in the spectra)
55,"F.ZWICKY,   ZURICH,L.SPEICH.,1971,"
55,CATALOGUE OF SELECTED COMPACT GALAXIES AND OF
55,POST-ERUPTIVE GALAXIES.
55,(compact galaxies)
56,"B.E.MARKARIAN,   ASTROFIZIKA,VOL.3,1967,PP55-68,"
56,GALAXIES WITH AN ULTRAVIOLET CONTINUUM.
56,"B.E.MARKARIAN,   ASTROFIZIKA,VOL.5,1969,PP443-460,"
56,THE GALAXIES WITH ULTRAVIOLET CONTINUUM.II.
56,"B.E.MARKARIAN,   ASTROFIZIKA,VOL.5,1969,PP581-592,"
56,GALAXIES WITH ULTRAVIOLET CONTINUUM.III.
56,"B.E.MARKARIAN,V.A.LIPOVETSKY,   ASTROFIZIKA,VOL.7,1971,"
56,"PP511-520,"
56,GALAXIES WITH ULTRAVIOLET CONTINUUM.IV.
56,"B.YE.MARKARIAN,V.A.LIPOVETSKY,   ASTROFIZIKA,VOL.8,1972,"
56,"PP155-176,"
56,GALAXIES WITH ULTRAVIOLET CONTINUUM.V.
56,"B.YE.MARKARIAN,V.A.LIPOVETSKY,   ASTROFIZIKA,VOL.9,1973,"
56,"PP487-494,"
56,GALAXIES WITH ULTRAVIOLET CONTINUUM.VI.
56,"B.E.MARKARIAN,V.A.LIPOVETSKY,   ASTROFIZIKA,VOL.10,1974,"
56,"PP307-314,"
56,GALAXIES WITH ULTRAVIOLET CONTINUUM.VII.
56,"B.E.MARKARIAN,V.A.LIPOVETSKY,   ASTROFIZIKA,VOL.12,1976,"
56,"PP389-396,"
56,GALAXIES WITH ULTRAVIOLET CONTINUUM.VIII.
56,"B.E.MARKARIAN,V.A.LIPOVETSKY,   ASTROFIZIKA,VOL.12,1976,"
56,"PP657-664,"
56,GALAXIES WITH ULTRAVIOLET CONTINUUM.IX.
56,"B.E.MARKARIAN,V.A.LIPOVETSKY,J.A.STEPANIAN,   ASTROFIZIKA,"
56,"VOL.13,1977,PP225-232,"
56,GALAXIES WITH ULTRAVIOLET CONTINUUM.X.
56,"B.E.MARKARIAN,V.A.LIPOVETSKY,J.A.STEPANIAN,   ASTROFIZIKA,"
56,"VOL.13,1977,PP397-404,"
56,GALAXIES WITH ULTRAVIOLET CONTINUUM.XI.
56,"B.E.MARKARIAN,V.A.LIPOVETSKY,J.A.STEPANIAN,   ASTROFIZIKA,"
56,"VOL.15,1979,PP201-208,"
56,GALAXIES WITH ULTRAVIOLET CONTINUUM.XII.
56,"B.E.MARKARIAN,V.A.LIPOVETSKY,J.A.STEPANIAN,   ASTROFIZIKA,"
56,"VOL.15,1979,PP363-372,"
56,GALAXIES WITH ULTRAVIOLET CONTINUUM.XIII.
56,"B.E.MARKARIAN,V.A.LIPOVETSKY,J.A.STEPANIAN,   ASTROFIZIKA,"
56,"VOL.15,1979,PP549-556,"
56,GALAXIES WITH ULTRAVIOLET CONTINUUM.XIV.
56,"B.E.MARKARIAN,V.A.LIPOVETSKY,J.A.STEPANIAN,   ASTROFIZIKA,"
56,"VOL.17,1981,PP619-627,"
56,GALAXIES WITH ULTRAVIOLET CONTINUUM.XV.
56,(galaxies with ultraviolet continuum)
57,"I.D.KARACHENTSEV,   SOOBSHCH.SPETS.ASTR.OBS.AKAD.NAUK SSSR,"
57,"VOL.7,1972,PP3-91"
57,CATALOGUE OF ISOLATED PAIRS OF GALAXIES IN
57,NORTHERN HEMISPHERE.
57,(isolated pairs of galaxies)
58,"V.E.KARACHENTSEVA,   SOOBSHCH.SPETS.ASTR.OBS.AKAD.NAUK"
58,"SSSR,VOL.8,1973,PP3-72"
58,THE CATALOGUE OF ISOLATED GALAXIES.
58,(isolated galaxies)
59,"R.D.MCCLURE,S.VAN DEN BERGH,   ASTRON.J.,VOL.73,1968,"
59,"PP1008-1010,"
59,UBV OBSERVATIONS OF FIELD GALAXIES.
59,(U-B and B-V colors)
60,"A.R.SANDAGE,   ASTROPHYS.J.,VOL.138,1963,PP863-872,"
60,PHOTOELECTRIC OBSERVATIONS OF THE INTERACTING
60,GALAXIES VV117 AND VV123 RELATED TO THE TIME OF
60,FORMATION OF THEIR SATELLITES.
60,(U-B and B-V colors)
61,"M.G.PASTORIZA,   BOL.ASOC.ARGENT.ASTRON.,VOL.12,1968,"
61,"PP11-13,"
61,CARACTERISTICAS ESPECTRALES DE GALAXIAS CON
61,NUCLEO PECULIAR.
61,(radial velocities corrected for solar motion)
62,"R.MINKOWSKI,   ASTRON.J.,VOL.66,1961,PP558-561,"
62,NGC6166 AND THE CLUSTER ABELL 2199.
62,(radial velocities corrected for solar motion)
63,"R.P.KIRSHNER,A.OEMLER,P.L.SCHECTER,   ASTRON.J.,VOL.83,"
63,"1978,PP1549-1563,"
63,A STUDY OF FIELD GALAXIES.I.REDSHIFTS AND
63,PHOTOMETRY OF A COMPLETE SAMPLE OF GALAXIES.
63,(radial velocities of galaxies)
64,"P.W.KELTON,   ASTRON.J.,VOL.85,1980,PP89-100,"
64,OPTICAL REDSHIFTS OF 59 GALAXIES.
64,(radial velocities of galaxies)
65,"H.J.ROOD,   A CATALOG OF GALAXY REDSHIFTS,1980,PRINCETON,"
65,"(UNPUBLISHED),(SOURCE OF RADIAL VELOCITIES OF"
65,"GALAXIES: KODS 'TTI','CR7')."
65,(radial velocities of galaxies)
66,"G.L.CHINCARINI,R.GIOVANELLI,M.P.HAYNES,   ASTRON.J.,VOL.84,"
66,"1979,PP1500-1510,"
66,THE ZWICKY CLUSTER ZW 1400+0949 (ALIAS THE
66,NGC 5416 GROUP).
66,(radial velocities of galaxies)
67,"R.GIOVANELLI,M.P.HAYNES,   ASTRON.J.,VOL.86,1981,PP340-343,"
67,REDSHIFTS OF GALAXIES IN THE GALACTIC ANTICENTER:
67,A NEARBY GROUP IN ORION.
67,"M.P.HAYNES,M.ROBERTS,   ASTROPHYS.J.,VOL.227,1979,PP767-775"
67,ARE THERE REALLY INTERGALACTIC HYDROGEN CLOUDS IN
67,THE SCULPTOR GROUP?
67,"R.GIOVANELLI,M.P.HAYNES,G.L.CHINCARINI,   ASTROPHYS.J.,"
67,"VOL.262,1982,PP442-450,"
67,THE NEUTRAL HYDROGEN DEFICIENCY OF THE CLUSTER
67,A262.
67,"G.L.CHINCARINI,R.GIOVANELLI,M.P.HAYNES,   ESO SCIENT.PREPR."
67,"N227,1982,PP1-52,"
67,21-CM OBSERVATIONS OF SUPERCLUSTER GALAXIES: THE
67,BRIDGE BETWEEN COMA AND A1367.
67,"J.N.HEWITT,M.P.HAYNES,R.GIOVANELLI,   ASTRON.J.,VOL.88,"
67,"1983,PP272-295,"
67,NEUTRAL HYDROGEN IN ISOLATED GALAXIES.II.THE LARGE
67,ANGULAR DIAMETER GALAXIES.
67,(radial velocities of galaxies)
68,"H.J.ROOD,   A CATALOG OF GALAXY REDSHIFTS,1980,PRINCETON,"
68,"(UNPUBLISHED),(KOD 'SU' IN THIS CATALOGUE)."
68,(radial velocities of galaxies)
69,"L.BOTTINELLI,L.GOUGUENHEIM,   ASTRON.ASTROPHYS.,VOL.60,"
69,"1977,PPL23-L25,"
69,THE HI CONTENT OF THE ELLIPTICAL GALAXIES NGC 3904
69,AND NGC 4636.
69,"L.BOTTINELLI,L.GOUGUENHEIM,   ASTRON.ASTROPHYS.,VOL.64,"
69,"1978,PPL3-L4,"
69,THE LARGE-SCALE DISTRIBUTION OF NEUTRAL HYDROGEN
69,IN THE ELLIPTICAL GALAXY NGC 4636.
69,"L.BOTTINELLI,L.GOUGUENHEIM,   ASTRON.ASTROPHYS.,VOL.74,"
69,"1979,PP172-174,"
69,"THE HI CONTENT OF ELLIPTICAL GALAXIES NGC 2974,"
69,NGC 4105 AND NGC 5846.
69,"L.BOTTINELLI,L.GOUGUENHEIM,   ASTRON.ASTROPHYS.,VOL.76,"
69,"1979,PP176-178,"
69,THE LARGE-SCALE DISTRIBUTION OF NEUTRAL HYDROGEN
69,IN THE ELLIPTICAL GALAXY NGC 3962.
69,(radial velocities of galaxies)
70,"L.BOTTINELLI,L.GOUGUENHEIM,G.PATUREL,   ASTRON.ASTROPHYS.,"
70,"VOL.88,1980,PP32-40,"
70,NEUTRAL HYDROGEN STUDY OF 40 SA SPIRAL GALAXIES.
70,"L.BOTTINELLI,L.GOUGUEHEIM,G.PATUREL,   ASTRON.ASTROPHYS."
70,"SUPPL.SER.,VOL.40,1980,PP355-362,"
70,21-CM LINE PROFILES OF 40 SC SPIRAL GALAXIES.
70,"L.BOTTINELLI,L.GOUGUENHEIM,G.PATUREL,   ASTRON.ASTROPHYS."
70,"SUPPL.SER.,VOL.44,1981,PP217-223,"
70,RADIAL VELOCITIES OF GALAXIES DETERMINED FROM
70,21-CM LINE OBSERVATIONS.
70,(radial velocities of galaxies)
71,"P.CHAMARAUX,C.BALKOWSKI,E.GERARD,   ASTRON.ASTROPHYS.,"
71,"VOL.83,1980,PP38-51,"
71,THE HI DEFICIENCY OF THE VIRGO CLUSTER SPIRALS.
71,(radial velocities of galaxies)
72,"W.G.TIFFT,   ASTROPHYS.J.,VOL.188,1974,PP221-232,"
72,"THE DEFINITION,VISIBILITY,AND SIGNIFICANCE OF"
72,REDSHIFT-MAGNITUDE BANDS.
72,"W.G.TIFFT,   ASTROPHYS.J.,VOL.222,1978,PP54-60,"
72,REDSHIFT-MAGNITUDE BANDS AND THE EVOLUTION OF
72,GALAXIES.I.NEW OBSERVATIONS.
72,"H.J.ROOD,   A CATALOG OF GALAXY REDSHIFTS,1980,PRINCETON,"
72,"(UNPUBLISHED),(KODS 'T13','T14' IN THIS CATALOGUE)"
72,(radial velocities of galaxies.)
73,"J.R.FISHER,R.B.TULLY,   ASTROPHYS.J.,SUPPL.SER.,VOL.47,"
73,"1981,PP139-200,"
73,NEUTRAL HYDROGEN OBSERVATIONS OF A LARGE SAMPLE OF
73,GALAXIES.
73,(radial velocities of galaxies)
74,"G.S.SHOSTAK,   ASTRON.ASTROPHYS.,VOL.68,1978,PP321-341,"
74,INTEGRAL PROPERTIES OF LATE-TYPE GALAXIES DERIVED
74,FROM HI OBSERVATIONS.
74,(radial velocities of galaxies)
75,"S.D.PETERSON,   ASTROPHYS.J.,VOL.232,1979,PP20-33,"
75,DOUBLE GALAXIES.II.DATA ANALYSIS AND A GALAXIAN
75,M/L DETERMINATION.
75,(radial velocities of galaxies)
76,"J.R.DICKEL,H.J.ROOD,   ASTRON.J.,VOL.80,1975,PP584-586,"
76,COMPARISON OF NEW 21-CM RADIAL VELOCITIES WITH VVO
76,OPTICAL RADIAL VELOCITIES OF GALAXIES.
76,"J.R.DICKEL,H.J.ROOD,   ASTROPHYS.J.,VOL.223,1978,PP391-409,"
76,INTEGRATED MASSES OF GALAXIES.
76,(radial velocities of galaxies)
77,"G.R.KNAPP,J.E.GUNN,   ASTRON.J.,VOL.87,1982,PP1634-1638,"
77,HI OBSERVATIONS OF HIGH-LUMINOSITY ELLIPTICAL
77,GALAXIES.
77,(radial velocities of galaxies)
78,"T.X.THUAN,P.O.SEITZER,   ASTROPHYS.J.,VOL.231,1979,"
78,"PP327-353,"
78,AN HI SURVEY OF NILSON DWARF GALAXIES.I.OBSERVATIO
78,(radial velocities of galaxies.)
79,"N.KRUMM,E.E.SALPETER,   ASTROPHYS.J.,VOL.228,1979,PP64-76,"
79,NEUTRAL HYDROGEN DISTRIBUTION AND VELOCITY
79,STRUCTURE OF SOME EARLY-TYPE GALAXIES.
79,"N.KRUMM,E.E.SALPETER,   ASTRON.J.,VOL.84,1979,PP1138-1148,"
79,NEUTRAL HYDROGEN OBSERVATIONS OF 14 NEARLY EDGE-ON
79,SPIRAL GALAXIES.
79,"G.HELOU,E.E.SALPETER,N.KRUMM,   ASTROPHYS.J.,VOL.228,1979,"
79,"PPL1-L4,"
79,MEMBERSHIP AND VELOCITY DISTRIBUTION IN THE CORE
79,OF THE VIRGO CLUSTER.
79,(radial velocities of galaxies)
80,"F.ZWICKY,M.L.HUMASON,   ASTROPHYS.J.,VOL.139,1964,PP269-283"
80,SPECTRA AND OTHER CHARACTERISTICS OF INTERCONNEC-
80,TED GALAXIES AND OF GALAXIES IN GROUPS AND IN
80,CLUSTERS.III.
80,"H.J.ROOD,   A CATALOG OF GALAXY REDSHIFTS,1980,PRINCETON,"
80,"(UNPUBLISHED),(KODS:'Z3','ZH3','ZH2(K)','ZH3(K)',"
80,'Z3(K1)' IN THIS CATALOGUE).
80,(radial velocities of galaxies)
81,"H.J.ROOD,   A CATALOG OF GALAXY REDSHIFTS,1980,PRINCETON,"
81,"(UNPUBLISHED),(KODS:'AD5','AD9','AD2(Z1')',"
81,"'AD4(Z1')','AD7(Z1')','AD8(Z1')','AD9(Z1')',"
81,'AD10(Z1')').
81,(radial velocities of galaxies)
82,"H.J.ROOD,   A CATALOG OF GALAXY REDSHIFTS,1980,PRINCETON,"
82,"(UNPUBLISHED),(KODS:'FR8','FR11','FR13(T2)',"
82,'FR(OPT)'.
82,(radial velocities of galaxies)
83,"R.B.TULLY,   ASTROPHYS.J.,VOL.237,1980,PP390-403,"
83,NEARBY GROUPS OF GALAXIES.I.THE NGC 1023 GROUP.
83,(radial velocities of galaxies)
84,"H.J.ROOD,   A CATALOG OF GALAXY REDSHIFTS,1980,PRINCETON,"
84,"(UNPUBLISHED),(KODS:'SN3(K7)','SN5(K7)','SN8')."
84,(radial velocities of galaxies)
85,"H.J.ROOD,   A CATALOG OF GALAXY REDSHIFTS,1980,PRINCETON,"
85,"(UNPUBLISHED),(KODS:'MW','L')."
85,(radial velocities of galaxies)
86,"H.J.ROOD,   A CATALOG OF GALAXY REDSHIFTS,1980,PRINCETON,"
86,"(UNPUBLISHED),(KODS:'BGRC(1)','BGRC(3)','BGRC(5)',"
86,"'BGRC(6)','BGRC(9)','BGRC(13)','BGRC(27)')."
86,(radial velocities of galaxies)
87,"H.J.ROOD,   A CATALOG OF GALAXY REDSHIFTS,1980,PRINCETON,"
87,"(UNPUBLISHED),(KODS:'TG2','TG3')."
87,(radial velocities of galaxies)
88,"H.J.ROOD,   A CATALOG OF GALAXY REDSHIFTS,1980,PRINCETON,"
88,"(UNPUBLISHED),(KODS:'DS1(Z2)','DS3','DS6(Z2)')."
88,(radial velocities of galaxies)
89,"H.J.ROOD,   A CATALOG OF GALAXY REDSHIFTS,1980,PRINCETON,"
89,"(UNPUBLISHED),(KODS:'SA1(R3)','SA2','SA3',"
89,'SA4(R3)').
89,(radial velocities of galaxies)
90,"H.J.ROOD,   A CATALOG OF GALAXY REDSHIFTS,1980,PRINCETON,"
90,"(UNPUBLISHED),(KOD 'HS(K3)')."
90,(radial velocities of galaxies)
91,"H.J.ROOD,   A CATALOG OF GALAXY REDSHIFTS,1980,PRINCETON,"
91,"(UNPUBLISHED),(KODS:'UL9','UL10(U2)','UL14(U9)',"
91,"'UL15(U9),'UL16','UL17(U2/U6)','UL18')."
91,(radial velocities of galaxies)
92,"H.J.ROOD,   A CATALOG OF GALAXY REDSHIFTS,1980,PRINCETON,"
92,"(UNPUBLISHED),(KODS:'CR2','CR3','CR4','CR5','CR6')"
92,(radial velocities of galaxies)
93,"H.J.ROOD,   A CATALOG OF GALAXY REDSHIFTS,1980,PRINCETON,"
93,"(UNPUBLISHED),(KOD'WL(U8)')."
93,(radial velocities of galaxies)
94,"H.J.ROOD,   A CATALOG OF GALAXY REDSHIFTS,1980,PRINCETON,"
94,"(UNPUBLISHED),(KOD 'PT(K6)')."
94,(radial velocities of galaxies)
95,"H.J.ROOD,   A CATALOG OF GALAXY REDSHIFTS,1980,PRINCETON,"
95,"(UNPUBLISHED),(KOD 'BS(01,X2)')."
95,(radial velocities of galaxies)
96,"H.J.ROOD,   A CATALOG OF GALAXY REDSHIFTS,1980,PRINCETON,"
96,"(UNPUBLISHED),(KOD 'DD')."
96,(radial velocities of galaxies)
97,"H.J.ROOD,   A CATALOG OF GALAXY REDSHIFTS,1980,PRINCETON,"
97,"(UNPUBLISHED),(KOD 'BI1')."
97,(radial velocities of galaxies)
98,"H.J.ROOD,   A CATALOG OF GALAXY REDSHIFTS,1980,PRINCETON,"
98,"(UNPUBLISHED),(KOD 'RR')."
98,(radial velocities of galaxies)
99,"H.J.ROOD,   A CATALOG OF GALAXY REDSHIFTS,1980,PRINCETON,"
99,"(UNPUBLISHED),(KOD 'DM')."
99,(radial velocities of galaxies)
100,"H.J.ROOD,   A CATALOG OF GALAXY REDSHIFTS,1980,PRINCETON,"
100,"(UNPUBLISHED),(KOD 'FD')."
100,(radial velocities of galaxies)
101,"H.J.ROOD,   A CATALOG OF GALAXY REDSHIFTS,1980,PRINCETON,"
101,"(UNPUBLISHED),(KODS:'WD1','WD2(U4)')."
101,(radial velocities of galaxies)
102,"H.J.ROOD,   A CATALOG OF GALAXY REDSHIFTS,1980,PRINCETON,"
102,"(UNPUBLISHED),(KODS:'V5','V7','V8')."
102,(radial velocities of galaxies)
103,"H.J.ROOD,   A CATALOG OF GALAXY REDSHIFTS,1980,PRINCETON,"
103,"(UNPUBLISHED),(KOD 'BC(Q2)')."
103,(radial velocities of galaxies)
104,"H.J.ROOD,   A CATALOG OF GALAXY REDSHIFTS,1980,PRINCETON,"
104,"(UNPUBLISHED),(KOD  'WK/(U3)')."
104,(radial velocities of galaxies)
105,"H.J.ROOD,   A CATALOG OF GALAXY REDSHIFTS,1980,PRINCETON,"
105,"(UNPUBLISHED),(KOD 'J(S6)')."
105,(radial velocities of galaxies)
106,"H.J.ROOD,   A CATALOG OF GALAXY REDSHIFTS,1980,PRINCETON,"
106,"(UNPUBLISHED),(KOD 'KR')."
106,(radial velocities of galaxies)
107,"H.J.ROOD,   A CATALOG OF GALAXY REDSHIFTS,1980,PRINCETON,"
107,"(UNPUBLISHED),(KOD 'MK(K)')."
107,(radial velocities of galaxies)
108,"H.J.ROOD,   A CATALOG OF GALAXY REDSHIFTS,1980,PRINCETON,"
108,"(UNPUBLISHED),(KODS:'A1(K2)','A3(K2)','A4(K2)',"
108,"'A6(K2)','A7(K2)','A10(K2)')."
108,(radial velocities of galaxies)
109,"H.J.ROOD,   A CATALOG OF GALAXY REDSHIFTS,1980,PRINCETON,"
109,"(UNPUBLISHED),(KOD 'BM')."
109,(radial velocities of galaxies)
110,"H.J.ROOD,   A CATALOG OF GALAXY REDSHIFTS,1980,PRINCETON,"
110,"(UNPUBLISHED),(KOD 'CX(R2)')."
110,(radial velocities of galaxies)
111,"H.J.ROOD,   A CATALOG OF GALAXY REDSHIFTS,1980,PRINCETON,"
111,"(UNPUBLISHED),(KODS:'BG(R)','BG4(R2)','BG6(R2)',"
111,'BG10(R2)').
111,(radial velocities of galaxies)
112,"H.J.ROOD,   A CATALOG OF GALAXY REDSHIFTS,1980,PRINCETON,"
112,"(UNPUBLISHED),(KOD 'M(K6)')."
112,(radial velocities of galaxies)
113,"H.J.ROOD,   A CATALOG OF GALAXY REDSHIFTS,1980,PRINCETON,"
113,"(UNPUBLISHED),(KOD 'ST(K6)')."
113,(radial velocities of galaxies)
114,"H.J.ROOD,   A CATALOG OF GALAXY REDSHIFTS,1980,PRINCETON,"
114,"(UNPUBLISHED),(KODS: 'F','F45')."
114,(radial velocities of galaxies)
115,"H.J.ROOD,   A CATALOG OF GALAXY REDSHIFTS,1980,PRINCETON,"
115,"(UNPUBLISHED),(KOD 'OP')."
115,(radial velocities of galaxies)
116,"H.J.ROOD,   A CATALOG OF GALAXY REDSHIFTS,1980,PRINCETON,"
116,"(UNPUBLISHED),(KOD 'B4(01)')."
116,(radial velocities of galaxies)
117,"H.J.ROOD,   A CATALOG OF GALAXY REDSHIFTS,1980,PRINCETON,"
117,"(UNPUBLISHED),(KODS: 'PR','RT(B2)')."
117,(radial velocities of galaxies)
118,"H.J.ROOD,   A CATALOG OF GALAXY REDSHIFTS,1980,PRINCETON,"
118,"(UNPUBLISHED),(KOD 'HG')."
118,(radial velocities of galaxies)
119,"H.J.ROOD,   A CATALOG OF GALAXY REDSHIFTS,1980,PRINCETON,"
119,"(UNPUBLISHED),(KOD 'CE')."
119,(radial velocities of galaxies)
120,"H.J.ROOD,   A CATALOG OF GALAXY REDSHIFTS,1980,PRINCETON,"
120,"(UNPUBLISHED),(KOD 'KI')."
120,(radial velocities of galaxies)
121,"H.J.ROOD,   A CATALOG OF GALAXY REDSHIFTS,1980,PRINCETON,"
121,"(UNPUBLISHED),(KOD 'DL2')."
121,(radial velocities of galaxies)
122,"H.J.ROOD,   A CATALOG OF GALAXY REDSHIFTS,1980,PRINCETON,"
122,"(UNPUBLISHED),(KOD 'SK1(S6)')."
122,(radial velocities of galaxies)
123,"H.J.ROOD,   A CATALOG OF GALAXY REDSHIFTS,1980,PRINCETON,"
123,"(UNPUBLISHED),(KOD 'KZ(K3)')."
123,(radial velocities of galaxies)
124,"H.J.ROOD,   A CATALOG OF GALAXY REDSHIFTS,1980,PRINCETON,"
124,"(UNPUBLISHED),(KODS: 'BB28(F)','BB29(F1)',"
124,'BB35(F1)').
124,(radial velocities of galaxies)
125,"H.J.ROOD,   A CATALOG OF GALAXY REDSHIFTS,1980,PRINCETON,"
125,"(UNPUBLISHED),(KOD 'BN(K3)')."
125,(radial velocities of galaxies)
126,"H.J.ROOD,   A CATALOG OF GALAXY REDSHIFTS,1980,PRINCETON,"
126,"(UNPUBLISHED),(KOD 'GT')."
126,(radial velocities of galaxies)
127,"H.J.ROOD,   A CATALOG OF GALAXY REDSHIFTS,1980,PRINCETON,"
127,"(UNPUBLISHED),(KODS: 'DP1(S7)','DP3(S7)')."
127,(radial velocities of galaxies)
128,"H.J.ROOD,   A CATALOG OF GALAXY REDSHIFTS,1980,PRINCETON,"
128,"(UNPUBLISHED),(KOD 'GD')."
128,(radial velocities of galaxies)
129,"H.J.ROOD,   A CATALOG OF GALAXY REDSHIFTS,1980,PRINCETON,"
129,"(UNPUBLISHED),(KOD 'CA')."
129,(radial velocities of galaxies)
130,"H.J.ROOD,   A CATALOG OF GALAXY REDSHIFTS,1980,PRINCETON,"
130,"(UNPUBLISHED),(KOD 'EA')."
130,(radial velocities of galaxies)
131,"H.J.ROOD,   A CATALOG OF GALAXY REDSHIFTS,1980,PRINCETON,"
131,"(UNPUBLISHED),(KOD 'RC(C)')."
131,(radial velocities of galaxies)
132,"H.J.ROOD,   A CATALOG OF GALAXY REDSHIFTS,1980,PRINCETON,"
132,"(UNPUBLISHED),(KOD 'GY')."
132,(radial velocities of galaxies)
133,"H.J.ROOD,   A CATALOG OF GALAXY REDSHIFTS,1980,PRINCETON,"
133,"(UNPUBLISHED),(KOD 'AL3')."
133,(radial velocities of galaxies)
134,"H.J.ROOD,   A CATALOG OF GALAXY REDSHIFTS,1980,PRINCETON,"
134,"(UNPUBLISHED),(KOD 'T(M2/M3)')."
134,(radial velocities of galaxies)
135,"H.J.ROOD,   A CATALOG OF GALAXY REDSHIFTS,1980,PRINCETON,"
135,"(UNPUBLISHED),(KOD 'BZ')."
135,(radial velocities of galaxies)
136,"H.J.ROOD,   A CATALOG OF GALAXY REDSHIFTS,1980,PRINCETON,"
136,"(UNPUBLISHED),(KOD 'KD')."
136,(radial velocities of galaxies)
137,"H.J.ROOD,   A CATALOG OF GALAXY REDSHIFTS,1980,PRINCETON,"
137,"(UNPUBLISHED),(KOD 'SR')."
137,(radial velocities of galaxies)
138,"V.P.ARKHIPOVA,V.F.YESIPOV,M.V.SAVELYEVA,   ASTRON.ZH.,"
138,"VOL.53,1976,PP921-923,"
138,THE RADIAL VELOCITIES AND LUMINOSITIES OF SOME
138,INTERACTING GALAXIES.
138,"V.P.ARKHIPOVA,V.F.YESIPOV,   PIS'MA ASTRON.ZH.,VOL.5,1979,"
138,"PP265-266,"
138,RADIAL VELOCITIES OF SOME INTERACTING AND PECULIAR
138,GALAXIES.
138,"V.L.AFANASIEV,I.D.KARACHENTSEV,V.P.ARKHIPOVA,V.A.DOSTAL,"
138,"V.G.METLOV,   ASTRON.ASTROPHYS.,VOL.91,1980,"
138,"PP302-304,"
138,RADIAL VELOCITIES OF SOME INTERACTING GALAXIES.
138,"V.P.ARKHIPOVA,V.L.AFANASIEV,V.A.DOSTAL,A.V.ZASOV,I.D.KARA-"
138,"CHENTSEV,R,I,NOSKOVA,M.V.SAVELYEVA,   ASTROFIZIKA,"
138,"VOL.17,1981,PP239-244,"
138,RADIAL VELOCITIES OF 44 INTERACTING GALAXIES.
138,"B.A.VORONTSOV-VELYAMINOV,V.P.ARKHIPOVA,   TR.GOS.ASTRON."
138,"INST.SHTERNBERGA,VOL.53,1983,PP3-15,"
138,RADIAL VELOCITIES AND LUMINOSITIES OF INTERACTING
138,GALAXIES.
138,(radial velocities of galaxies)
139,"V.L.AFANASEV,V.A.LIPOVETSKIY,B.E.MARKARIAN,J.A.STEPANIAN,"
139,"ASTROFIZIKA,VOL.16,1980,PP193-206,"
139,THE GALAXIES WITH UV-CONTINUUM OF SEYFERT TYPE
139,ACCORDING TO THE OBSERVATIONS OF THE BTA.
139,(radial velocities of galaxies)
140,"I.P.KOSTYUK,I.D.KARACHENTSEV,A.I.KOPYLOV,   PIS'MA ASTRON."
140,"ZH.,VOL.7,1981,PP267-268,"
140,RADIAL VELOCITIES OF RING-LIKE GALAXIES.
140,"I.P.KOSTYUK,A.I.KOPYLOV,   PIS'MA ASTRON.ZH.,VOL.8,1982,"
140,"PP520-521,"
140,RADIAL VELOCITIES OF RING-LIKE GALAXIES.
140,(radial velocities of galaxies)
141,"V.E.KARACHENTSEVA,I.D.KARACHENTSEV,   ASTROFIZIKA,VOL.15,"
141,"1979,PP589-598,"
141,RADIAL VELOCITIES OF ISOLATED GALAXIES.
141,"V.E.KARACHENTSEVA,I.D.KARACHENTSEV,   PIS'MA ASTRON.ZH.,"
141,"VOL.7,1981,PP195-196,"
141,RADIAL VELOCITIES FOR 28 ISOLATED GALAXIES.
141,"I.D.KARACHENTSEV,V.E.KARACHENTSEVA,   ASTROFIZIKA,VOL.17,"
141,"1981,PP5-18,"
141,ISOLATED TRIPLETS OF GALAXIES.NEW RADIAL VELOCI-
141,TIES.
141,"I.D.KARACHENTSEV,W.L.W.SARGENT,B.ZIMMERMANN,   ASTROFIZIKA,"
141,"VOL.15,1979,PP25-32,"
141,RADIAL VELOCITIES AND MASSES FOR 44 BINARY
141,GALAXIES.
141,"I.D.KARACHENTSEV,   ASTROPHYS.J. SUPPL.SER.,VOL.44,1980,"
141,"PP137-150,"
141,NEW RADIAL VELOCITIES FOR 301 PAIRS OF GALAXIES.
141,"I.D.KARACHENTSEV,   PIS'MA ASTRON.ZH.,VOL.7,1981,PP76-78,"
141,SUPPLEMENTARY DATA ON RADIAL VELOCITIES AND MASSES
141,FOR BINARY GALAXIES.
141,"I.D.KARACHENTSEV,V.E.KARACHENTSEVA,   PIS'MA ASTRON.ZH.,"
141,"VOL.8,1982,PP198-204,"
141,RADIAL VELOCITIES OF GALAXIES IN THE VIRGO CLUSTER
141,(radial velocities of galaxies.)
142,"W.G.TIFFT,   ASTROPHYS.J. SUPPL.SER.,VOL.50,1982,PP319-390,"
142,DOUBLE GALAXY INVESTIGATIONS.I.OBSERVATIONS.
142,(radial velocities of galaxies)
143,"M.-P.VERON-CETTY,P.VERON,   SCIENTIFIC REPORT,N1,1984,"
143,"A CATALOGUE OF QUASARS AND ACTIVE NUCLEI,"
143,(RADIAL VELOCITIES FOR GALAXIES ARE TAKEN FROM:
143,"G.G.C.PALUMBO,G.TANZELLA-NITTI,G.VETTOLANI,1983,"
143,"GORDON AND BREACH,NEW YORK,'CATALOGUE OF RADIAL"
143,VELOCITIES OF GALAXIES').
143,"(radial velocities of galaxies and U-B,B-V colors)"
144,"W.K.HUCHTMEIER,O.-G.RICHTER,H.-D.BOHNENSTENGEL,"
144,"M.HAUSCHILDT,   ESO SCIENT.PREPR.N250,1983,"
144,A GENERAL CATALOG OF HI OBSERVATIONS OF EXTERNAL
144,GALAXIES.
144,(radial velocities of galaxies)
145,"J.HUCHRA,M.DAVIS,D.LATHAM,J.TONRY,   ASTROPHYS.J. SUPPL."
145,"SER.,VOL.52,1983,PP89-119,"
145,A SURVEY OF GALAXY REDSHIFTS.IV.THE DATA.
145,(SOURCE OF RADIAL VELOCITIES (27):
145,"1)THIS PAPER,"
145,"2)M.ELVIS,E.SCHRIER,J.TONRY,M.DAVIS,J.HUCHRA,"
145,"ASTROPHYS.J.,VOL.246,1981,P20,"
145,"3)D.SCHWARTZ,M.DAVIS,R.DOXSEY,R.GRIFFITHS,J.HUCHRA"
145,"M.JOHNSTON,R.MUSHOTZKY,J.SWANK,J.TONRY,"
145,"ASTROPHYS.J.(LETTERS),VOL.238,1980,PL53,"
145,"4)S.SHECTMAN,R.STEFANICK,D.LATHAM,ASTRON.J.,VOL."
145,"88,1983,P477,"
145,"5)J.TONRY,M.DAVIS,ASTRON.J.,VOL.84,1979,P1511,"
145,"6)S.WHITE,J.HUCHRA,D.LATHAM,M.DAVIS,M.N.R.A.S.,"
145,"1983,IN PRESS)."
145,(radial velocities of galaxies)
146,"J.HUCHRA,M.DAVIS,D.LATHAM,J.TONRY,   ASTROPHYS.J.SUPPL."
146,"SER.,VOL.52,1983,PP89-119,"
146,A SURVEY OF GALAXY REDSHIFTS.IV.THE DATA.
146,(SOURCE OF RADIAL VELOCITIES (9):
146,"1)G.KNAPP,J.GALLAGHER,S.FABER,B.BALICK,ASTRON.J.,"
146,"VOL.82,1977,P106,"
146,"2)G.KNAPP,1978,PRIVATE COMMUNICATION,"
146,"3)G.KNAPP,S.FABER,J.GALLAGHER,ASTRON.J.,VOL.83,"
146,"1978,P11,"
146,"4)G.KNAPP,J.GALLAGHER,S.FABER,ASTRON.J.,VOL.83,"
146,"1978,P139,"
146,"5)W.ROMANISHEN,1980,PRIVATE COMMUNICATION,"
146,"6)G.SHOSTAK,ASTRON.ASTROPHYS.,VOL.68,1978,P321,"
146,"7)N.THONNARD,V.RUBIN,K.FORD,M.ROBERTS,ASTRON.J.,"
146,"VOL.83,1978,P1564)."
146,(radial velocities of galaxies)
147,"J.HUCHRA,M.DAVIS,D.LATHAM,J.TONRY,   ASTROPHYS.J.SUPPL."
147,"SER.,VOL.52,1983,PP89-119,"
147,A SURVEY OF GALAXY REDSHIFTS.IV.THE DATA.
147,(SOURCE OF RADIAL VELOSITIES (2):
147,"J.R.FISHER,R.B.TULLY,ASTROPHYS.J.SUPPL.SER.,"
147,"VOL.47,1981,P139)."
147,(radial velocities of galaxies)
148,"J.HUCHRA,M.DAVIS,D.LATHAM,J.TONRY,   ASTROPHYS.J.SUPPL."
148,"SER.,VOL.52,1983,PP89-119,"
148,A SURVEY OF GALAXY REDSHIFTS.IV.THE DATA.
148,(SOURCE OF RADIAL VELOCITIES (1):
148,"1)A.SANDAGE,ASTRON.J.,VOL.83,1978,P904,"
148,"2)A.SANDAGE,G.TAMMANN,1981,REVISED SHAPLEY-AMES"
148,"CATALOG,CARNEGIE INST.WASHINGTON PUB.)."
148,(radial velocities of galaxies)
149,"J.HUCHRA,M.DAVIS,D.LATHAM,J.TONRY,   ASTROPHYS.J.SUPPL."
149,"SER.,VOL.52,1983,PP89-119,"
149,A SURVEY OF GALAXY REDSHIFTS.IV.THE DATA.
149,(SOURCE OF RADIAL VELOCITIES (3):
149,"1)HUCHRA AND THUAN AT KITT PEAK 0.9M TELESCOPE,"
149,"2)J.HUCHRA,W.L.W.SARGENT,ASTROPHYS.J.,VOL.186,"
149,"1973,P433)."
149,(radial velocities of galaxies)
150,"J.HUCHRA,M.DAVIS,D.LATHAM,J.TONRY,   ASTROPHYS.J.SUPPL."
150,"SER.,VOL.52,1983,PP89-119,"
150,A SURVEY OF GALAXY REDSHIFTS.IV.THE DATA.
150,(SOURCE OF RADIAL VELOCITIES (0):
150,"1)H.G.CORWIN JR.,D.EMERSON,M.N.R.A.S.,VOL.200,"
150,"1982,P621,"
150,"2)A.DE VAUCOULEURS,R.SHOBBROOK,A.STROBEL,"
150,"ASTRON.J.,VOL.81,1976,P219,"
150,"3)G.DE VAUCOULEURS,A.DE VAUCOULEURS,ASTRON.J.,"
150,"VOL.81,1976,P595,"
150,"4)G.DE VAUCOULEURS,A.DE VAUCOULEURS,H.CORWIN,"
150,"SECOND REFERENCE CATALOGUE OF BRIGHT GALAXIES,"
150,"AUSTIN,UNIVERSITY OF TEXAS PRESS,"
150,"5)G.DE VAUCOULEURS,A.DE VAUCOULEURS,J.L.NIETO,"
150,"ASTRON.J.,VOL.84,1979,P1811,"
150,"6)P.KELTON,ASTRON.J.,VOL.85,1980,P89)."
150,(radial velocities of galaxies)
151,"J.HUCHRA,M.DAVIS,D.LATHAM,J.TONRY,   ASTROPHYS.J.SUPPL."
151,"SER.,VOL.52,1983,PP89-119,"
151,A SURVEY OF GALAXY REDSHIFTS.IV.THE DATA.
151,(SOURCE OF RADIAL VELOCITIES (5):
151,"1)M.ARAKELIAN,E.DIBAY,V.ESIPOV,ASTROFIZIKA,VOL.11,"
151,"1975,P15,"
151,"2)M.ARAKELIAN,E.DIBAY,V.ESIPOV,ASTROFIZIKA,VOL.11,"
151,"1975,P377,"
151,"3)M.ARAKELIAN,E.DIBAY,V.ESIPOV,ASTROFIZIKA,VOL.12,"
151,"1976,P195,"
151,"4)M.ARAKELIAN,E.DIBAY,V.ESIPOV,ASTROFIZIKA,VOL.12,"
151,"1976,P685,"
151,"5)V.ARKHIPOVA,V.ESIPOV,M.SAVELYEVA,SOVIET ASTR.-"
151,"ASTRON.J.,VOL.20,1976,P521,"
151,"6)V.ARKHIPOVA,V.ESIPOV,SOVIET ASTR.-ASTRON.J.,"
151,"(LETTERS),VOL.5,1979,P140,"
151,"7)V.L.AFANASIEV,EH.K.DENISYUK,V.LIPOVETSKY,"
151,"SOVIET ASTR.-ASTRON.J.,(LETTERS),VOL.5,1979,P144"
151,"8)EH.K.DENISYUK,V.A.LIPOVETSKY,SOVIET ASTR.-"
151,"ASTRON.J.,(LETTERS),VOL.3,1977,P3,"
151,"9)EH.K.DENISYUK,V.A.LIPOVETSKY,V.L.AFANASIEV,"
151,"ASTROFIZIKA,VOL.12,1976,P667,"
151,"10)E.DIBAY,V.DOROSHENKO,V.TEREBIZH,ASTROFIZIKA,"
151,"VOL.12,1976,P691,"
151,"11)V.DOROSHENKO,V.TEREBIZH,ASTROFIZIKA,VOL.11,"
151,"1975,P631,"
151,"12)I.KOPILOV,V.L.LIPOVETSKY,V.PRONIK,K.CHUVAEV,"
151,"ASTROFIZIKA,VOL.12,1976,P189,"
151,"13)B.MARKARIAN,V.L.LIPOVETSKY,J.STEPANIAN,"
151,"ASTROFIZIKA,VOL.16,1980,P5,"
151,"14)B.MARKARIAN,V.L.LIPOVETSKY,J.STEPANIAN,"
151,"ASTROFIZIKA,VOL.16,1980,P609)."
151,(radial velocities of galaxies)
152,"V.T.DOROSHENKO,V.YU.TEREBIZH,   PIS'MA ASTRON.ZH.,VOL.5,"
152,"1979,PP571-575,"
152,BROADBAND PHOTOMETRY OF GALAXIES WITH
152,ULTRAVIOLET CONTINUUM.
152,"V.T.DOROSHENKO,V.YU.TEREBIZH,   ASTROFIZIKA,VOL.19,1983,"
152,"PP5-15,"
152,NARROWBAND PHOTOMETRY OF NORMAL AND SEYFERT
152,GALAXIES.
152,(U-B and B-V colors)
153,"J.HUCHRA,M.DAVIS,D.LATHAM,J.TONRY,   ASTROPHYS.J.SUPPL."
153,"SER.,VOL.52,1983,PP89-119,"
153,A SURVEY OF GALAXY REDSHIFTS.IV.THE DATA.
153,(SOURCE OF RADIAL VELOCITIES (6):
153,"1)J.BIEGING,P.BIERMANN,ASTRON.ASTROPHYS.,VOL.60,"
153,"1977,P361,"
153,"2)P.BIERMANN,J.CLARKE,K.FRICKE,ASTRON.ASTROPHYS.,"
153,"VOL.75,1979,P7,"
153,"3)G.CHINCARINI,R.GIOVANELLI,M.HAYNES,ASTRON.J.,"
153,"VOL.84,1979,P1500,"
153,"4)R.GIOVANELLI,M.HAYNES,1981,PRIVATE COMMUNICATION"
153,"5)G.HELOU,E.SALPETER,N.KRUMM,ASTROPHYS.J.(LETTERS)"
153,"VOL.228,1979,PL1,"
153,"6)N.KRUMM,E.SALPETER,ASTRON.ASTROPHYS.,VOL.56,"
153,"1977,P465,"
153,"7)N.KRUMM,E.SALPETER,ASTROPHYS.J.,VOL.227,1979,"
153,"P776,"
153,"8)N.KRUMM,E.SALPETER,ASTROPHYS.J.,VOL.228,1979,P64"
153,"9)N.KRUMM,E.SALPETER,ASTRON.J.,VOL.84,1979,P1138,"
153,"10)N.KRUMM,E.SALPETER,ASTRON.J.,VOL.85,1980,P1312,"
153,"11)S.PETERSON,ASTROPHYS.J.SUPPL.SER.,VOL.40,1979,"
153,"P527,"
153,"12)E.OLSON,1979,PRIVATE COMMUNICATION)."
153,(radial velocities of galaxies)
154,"J.HUCHRA,M.DAVIS,D.LATHAM,J.TONRY,   ASTROPHYS.J.SUPPL."
154,"SER.,VOL.52,1983,PP89-119,"
154,A SURVEY OF GALAXY REDSHIFTS.IV.THE DATA.
154,(SOURCE OF RADIAL VELOCITIES (13):
154,"1)M.DAVIS,OBSERVATIONS AT MCGRAW HILL,"
154,"2)R.SCHILD,M.DAVIS,ASTRON.J.,VOL.84,1979,P311)."
154,(radial velocities of galaxies)
155,"J.HUCHRA,M.DAVIS,D.LATHAM,J.TONRY,   ASTROPHYS.J.SUPPL."
155,"SER.,VOL.52,1983,PP89-119,"
155,A SURVEY OF GALAXY REDSHIFTS.IV.THE DATA.
155,(SOURCE OF RADIAL VELOCITIES (11):
155,"1)F.D.A.HARTWICK,W.L.W.SARGENT,ASTROPHYS.J.,"
155,"VOL.221,1978,P512,"
155,"2)D.JENNER,ASTROPHYS.J.,VOL.191,1974,P55,"
155,"3)R.KIRSHNER,A.OEMLER,P.SCHECHTER,ASTRON.J.,"
155,"VOL.83,1978,P1549,"
155,"4)R.KIRSHNER,ASTROPHYS.J.,VOL.212,1977,P319)."
155,(radial velocities of galaxies)
156,"J.HUCHRA,M.DAVIS,D.LATHAM,J.TONRY,   ASTROPHYS.J.SUPPL."
156,"SER.,VOL.52,1983,PP89-119,"
156,A SURVEY OF GALAXY REDSHIFTS.IV.THE DATA.
156,(SOURCE OF RADIAL VELOCITIES (21):
156,"1)T.EASTMOND,G.ABELL,PUB.A.S.P.,VOL.90,1978,P367,"
156,"2)J.STAUFFER,H.SPINRAD,PUB.A.S.P,VOL.90,1978,P20)."
156,(radial velocities of galaxies)
157,"J.HUCHRA,M.DAVIS,D.LATHAM,J.TONRY,   ASTROPHYS.J.SUPPL."
157,"SER.,VOL.52,1983,PP89-119,"
157,A SURVEY OF GALAXY REDSHIFTS.IV.THE DATA.
157,(SOURCE OF RADIAL VELOCITIES (32):
157,"1)G.BOTHUN,R,SCHOMMER,ASTROPHYS.J.(LETTERS),"
157,"VOL.255,1982,PL23,"
157,"2)G.BOTHUN,W.SULLIVAN,R.SCHOMMER,M.AARONSON,"
157,"J.MOULD,J.HUCHRA,1981,PRIVATE COMMUNICATION,"
157,"3)T.HECKMAN,B.BALICK,W.SULLIVAN,ASTROPHYS.J.,"
157,"VOL.224,1978,P745,"
157,"4)R.SCHOMMER,W.SULLIVAN,G.BOTHUN,ASTRON.J.,VOL.86,"
157,"1981,P943,"
157,"5)W.SULLIVAN,G.BOTHUN,B.BATES,R.SCHOMMER,"
157,"ASTRON.J.,VOL.86,1981,P919)."
157,(radial velocities of galaxies)
158,"G.DE VAUCOULEURS,A.DE VAUCOULEURS,H.CORWIN,1976,AUCTIN,"
158,"UNIVERSITY OF TEXAS PRESS,"
158,SECOND REFERENCE CATALOGUE OF BRIGHT GALAXIES.
158,"(radial velocities of galaxies, U-B and B-V colors)"
159,"G.DE VAUCOULEURS,A.DE VAUCOULEURS,J.-L.NIETO,   ASTRON.J.,"
159,"VOL.84,1979,PP1811-1829,"
159,NEW REDSHIFTS OF BRIGHT GALAXIES III.
159,(radial velocities of galaxies)
160,"A.SANDAGE,   ASTRON.J.,VOL.83,1978,PP904-937,"
160,OPTICAL REDSHIFTS FOR 719 BRIGHT GALAXIES.
160,(radial velocities of galaxies)
161,"L.W.FREDRICK,W.A.GUTSCH,   PUBL.LEANDER MCCORMICK OBSERV.,"
161,"UNIV.VIRGINIA,VOL.15,1974,PP39-55,"
161,A CATALOGUE OF GALAXIES HAVING RADIAL VELOCITIES.
161,(radial velocities of galaxies)
162,"V.C.RUBIN,W.K.FORD JR,N.THONNARD,M.S.ROBERTS,J.A.GRAHAM,"
162,"ASTRON.J.,VOL.81,1976,PP687-718,"
162,MOTION OF THE GALAXY AND THE LOCAL GROUP
162,DETERMINED FROM THE VELOCITY ANISOTROPY OF
162,DISTANT SC I GALAXIES.I.THE DATA.
162,"N.THONNARD,V.C.RUBIN,W.K.FORD JR.,   ASTRON.J.,VOL.83,1978,"
162,"PP1564-1565,"
162,RADIAL VELOCITIES OF SPIRAL GALAXIES DETERMINED
162,FROM 21-CM NEUTRAL HYDROGEN OBSERVATIONS.
162,"V.C.RUBIN,W.K.FORD JR.,N.THONNARD,   ASTROPHYS.J.,VOL.238,"
162,"1980,PP471-487,"
162,ROTATIONAL PROPERTIES OF 21 SC GALAXIES WITH
162,A LARGE RANGE OF LUMINOSITIES AND RADII FROM
162,NGC4605(R=4 KPC)TO UGC2885 (R=122 KPC).
162,"V.C.RUBIN,W.K.FORD JR,N.THONNARD,   ASTROPHYS.J.,VOL.261,"
162,"1982,PP439-456,"
162,ROTATIONAL PROPERTIES OF 23 SB GALAXIES.
162,(radial velocities of galaxies)
163,"K.M.STROM,S.E.STROM,   ASTRON.J,VOL.83,1978,PP73-134,"
163,SURFACE BRIGHTNESS AND COLOR DISTRIBUTIONS OF
163,ELLIPTICAL AND SO GALAXIES.I.THE COMA CLUSTER
163,ELLIPTICAL GALAXIES.
163,"S.E.STROM,K.M.STROM,   ASTRON.J.,VOL.83,1978,PP732-763,"
163,SURFACE BRIGHTNESS AND COLOR DISTRIBUTIONS OF
163,ELLIPTICAL AND SO GALAXIES.II.E GALAXIES IN THE
163,CLUSTER ABELL 426 (PERSEUS) AND ABELL 1367.
163,"K.M.STROM,S.E.STROM,   ASTRON.J.,VOL.83,1978,PP1293-1330,"
163,SURFACE BRIGHTNESS AND COLOR DISTRIBUTIONS OF
163,ELLIPTICAL AND SO GALAXIES.III.E GALAXIES IN THE
163,"CLUSTERS ABELL 1228,ABELL 2151 (HERCULES),AND"
163,ABELL 2199.
163,(U-B and B-V colors)
164,"G.DE VAUCOULEURS,A.DE VAUCOULEURS,H.G.CORWIN,   ASTRON.J.,"
164,"VOL.83,1978,PP1331-1359,"
164,INTEGRATED MAGNITUDES AND COLORS OF BRIGHT GALAXIE
164,IN THE UBV SYSTEM.II.
164,(U-B and B-V colorss)
165,"J.E.PENFOLD,   MON.NOT.R.A.S.,VOL.186,1979,PP297-304,"
165,UBV OBSERVATIONS OF SEYFERT AND EMISSION-LINE
165,GALAXIES.
165,(U-B and B-V colors)
166,"H.G.CORWIN,   MON.NOT.R.A.S.,VOL.191,1980,PP1-11,"
166,UBV PHOTOELECTRIC PHOTOMETRY AND PHOTOMETRIC
166,PARAMETERS FOR 40 GALAXIES.
166,(U-B and B-V colors)
167,"J.R.MOULD,   PUBL.A.S.P,VOL.93,1981,PP25-28,"
167,THE INFRARED COLOR-MAGNITUDE RELATION FOR EARLY-
167,TYPE GALAXIES IN THE PEGASUS I CLUSTER.
167,(U-B and B-V colors)
168,"R.SCHILD,M.DAVIS,   ASTRON.J.,VOL.84,1979,PP311-316,"
168,PROPERTIES OF THE CD GALAXIES IN POOR CLUSTERS.
168,(U-B and B-V colors)
169,"M.R.GREEN,K.L.DIXON,   OBSERVATORY,VOL.98,1978,PP166-169,"
169,PHOTOELECTRIC PHOTOMETRY OF BRIGHT SOUTHERN
169,GALAXIES.
169,(U-B and B-V colors)
170,"D.GRIERSMITH,   ASTRON.J.,VOL.85,1980,PP789-800,"
170,PHOTOMETRIC PROPERTIES OF BRIGHT EARLY-TYPE SPIRAL
170,GALAXIES.I.THE DATA:MULTIAPERTURE UBV PHOTOMETRY
170,FOR 251 GALAXIES.
170,"D.GRIERSMITH,   ASTRON.J.,VOL.87,1982,PP462-476,"
170,"THE CM RELATION AT UBV WAVELENGTHS IN THE FORNAX,"
170,"VIRGO,AND SERSIC 129-1 CLUSTERS."
170,(U-B and B-V colors)
171,"R.J.SMYTH,R.S.STOBIE,   MON.NOT.R.A.S.,VOL.190,1980,"
171,"PP631-639,"
171,MULTIAPERTURE PHOTOELECTRIC PHOTOMETRY OF GALAXIES
171,IN THE HYDRA I CLUSTER.
171,(U-B and B-V colors)
172,"D.GRIERSMITH,A.R.HYLAND,T.J.JONES,   ASTRON.J.,VOL.87,1982,"
172,"PP1106-1126,"
172,PHOTOMETRIC PROPERTIES OF BRIGHT EARLY-TYPE SPIRAL
172,GALAXIES.IV.MULTIAPERTURE UBVJHK PHOTOMETRY FOR
172,THE INNER (BULGE) REGIONS OF 65 GALAXIES.
172,(U-B and B-V colors)
173,"D.M.CRENSHAW,B.M.PETERSON,C.B.FOLTZ,P.L.BYARD,"
173,"PUBL.A.S.P.,VOL.94,1982,PP16-18,"
173,REDSHIFTS OF 16 MARKARIAN GALAXIES.
173,(radial velocities of galaxies)
174,"R.BARBON,M.CAPACCIOLI,W.G.TIFFT,   ASTRON.ASTROPHYS."
174,"SUPPL.SER.,VOL.36,1979,PP129-133,"
174,NEW REDSHIFTS OF PARENT GALAXIES OF SUPERNOVAE.
174,(radial velocities of galaxies)
175,"D.WILLS,B.J.WILLS,   ASTRON.J.,VOL.87,1982,PP252-254,"
175,REDSHIFTS OF 31 BRIGHT GALAXIES.
175,(radial velocities of galaxies)
176,"S.A.GREGORY,L.A.THOMPSON,W.G.TIFFT,   ASTROPHYS.J.,VOL.243,"
176,"1981,PP411-426,"
176,THE PERSEUS SUPERCLUSTER.
176,(radial velocities of galaxies)
177,"B.MARANO,G.VETTOLANI,   ASTRON.ASTROPHYS.SUPPL.SER.,VOL.48,"
177,"1982,PP453-455,"
177,RADIAL VELOCITIES OF GALAXIES DETECTED IN
177,THE ARECIBO 2380 MHZ.
177,(radial velocities of galaxies)
178,"J.W.SULENTIC,H.ARP,   ASTRON.J.,VOL.88,1983,PP489-506,"
178,21-CM OBSERVATIONS OF GALAXIES IN GROUPS AND
178,MULTIPLETS.
178,(radial velocities of galaxies)
179,"S.M.KENT,J.E.GUNN,   ASTRON.J.,VOL.87,1982,PP945-971,"
179,THE DYNAMICS OF RICH CLUSTERS OF GALAXIES.I.
179,THE COMA CLUSTER.
179,(radial velocities of galaxies)
180,"P.FOCARDI,B.MARANO,G.VETTOLANI,   ASTRON.ASTROPHYS.,"
180,"VOL.113,1982,PP15-20,"
180,THE SOUTH WEST EXTENSION OF THE PERSEUS
180,SUPERCLUSTER.
180,(radial velocities of galaxies)
181,"R.C.KRAAN-KORTEWEG,   ASTRON.ASTROPHYS.SUPPL.SER.,VOL.47,"
181,"1982,PP505-512,"
181,A COMPLETE SAMPLE OF VIRGO CLUSTER GALAXIES.
181,(radial velocities of galaxies)
182,"M.TARENGHI,W.G.TIFFT,G.CHINCARINI,H.J.ROOD,L.A.THOMPSON,"
182,"ASTROPHYS.J.,VOL.234,1979,PP793-801,"
182,THE HERCULES SUPERCLUSTER.I.BASIC DATA.
182,(radial velocities of galaxies)
183,"J.W.SULENTIC,   ASTROPHYS.J.,VOL.241,1980,PP67-73,"
183,NEW REDSHIFTS IN THE VIRGO CLUSTER.
183,(radial velocities of galaxies)
184,"S.A.SHECTMAN,R.P.STEFANIK,D.W.LATHAM,   ASTRON.J.,VOL.88,"
184,"1983,PP477-482,"
184,REDSHIFTS FOR 115 GALAXIES NEAR THE EQUATOR.
184,(radial velocities of galaxies)
185,"A.LAUBERTS,   EUROPEAN SOUTHERN OBSERVATORY,1982,"
185,"THE ESO/UPPSALA SURVEY OF THE ESO(B) ATLAS,"
185,(SOURCE OF RADIAL VELOCITIES:
185,"A.SANDAGE,G.A.TAMMANN,CARNEGIE INST.WASHINGTON"
185,"PUBL.,1981,A REVISED SHAPLEY-AMES CATALOG OF"
185,BRIGHT GALAXIES).
185,(radial velocities of galaxies)
186,"A.LAUBERTS,   EUROPEAN SOUTHERN OBSERVATORY,1982,"
186,"THE ESO/UPPSALA SURVEY OF THE ESO(B) ATLAS,"
186,(SOURCE OF RADIAL VELOCITIES:
186,"H.ARP,ASTROPHYS.J.SUPPL.SER.,VOL.46,1981,P75)."
186,(radial velocities of galaxies)
187,"A.LAUBERTS,   EUROPEAN SOUTHERN OBSERVATORY,1982,"
187,"THE ESO/UPPSALA SURVEY OF THE ESO(B) ATLAS,"
187,(SOURCE OF RAD9AL VELOCITIES:
187,"D.KUNTH,W.L.W.SARGENT,C.KOWAL,ASTRON.ASTROPHYS."
187,"SUPPL.SER.,VOL.44,1981,P229)."
187,(radial velocities of galaxies)
188,"A.LAUBERTS,   EUROPEAN SOUTHERN OBSERVATORY,1982,"
188,"THE ESO/UPPSALA SURVEY OF THE ESO(B) ATLAS,"
188,(SOURCE OF RADIAL VELOCITIES:
188,"A.J.LONGMORE,T.G.HAWARDEN,B.L.WEBSTER,W.M.GOSS,"
188,"U.MEBOLD,MON.NOT.R.A.S.,VOL.184,1978,P97)."
188,(radial velocities of galaxies)
189,"A.LAUBERTS,   EUROPEAN SOUTHERN OBSERVATORY,1982,"
189,"THE ESO/UPPSALA SURVEY OF THE ESO(B) ATLAS,"
189,(SOURCE OF RADIAL VELOCITIES:
189,"W.L.MARTIN,MON.NOT.R.A.S.,VOL.175,1976,P633)."
189,(radial velocities of galaxies)
190,"A.LAUBERTS,   EUROPEAN SOUTHERN OBSERVATORY,1982,"
190,"THE ESO/UPPSALA SURVEY OF THE ESO(B) ATLAS,"
190,(SOURCE OF RADIAL VELOCITIES:
190,"C.J.PETERSON,PUBL.A.C.P.,VOL.90,1978,P10)."
190,(radial velocities of galaxies)
191,"A.LAUBERTS,   EUROPEAN SOUTHERN OBSERVATORY,1982,"
191,"THE ESO/UPPSALA SURVEY OF THE ESO(B) ATLAS,"
191,(SOURCE OF RADIAL VELOCITIES:
191,"R.M.WEST,ASTRON.ASTROPHYS.,VOL.95,1981,P1)."
191,(radial velocities of galaxies)
192,"A.LAUBERTS,   EUROPEAN SOUTHERN OBSERVATORY,1982,"
192,"THE ESO/UPPSALA SURVEY OF THE ESO(B) ATLAS,"
192,(SOURCE OF RADIAL VELOCITIES AND COLORS:
192,"A.B.G.EKMAN,A.LAUBERTS,N.A.S.BERGVALL,1977-1979,"
192,OBSERVATIONS CARRIED OUT AT THE EUROPEAN SOUTHERN
192,OBSERVATORY).
192,"(radial velocities of galaxies, U-B and B-V colors)"
193,"A.LAUBERTS,   EUROPEAN SOUTHERN OBSERVATORY,1982,"
193,"THE ESO/UPPSALA SURVEY OF THE ESO(B) ATLAS,"
193,(SOURCE OF RADIAL VELOCITIES AND COLORS:
193,"T.J.BOHUSKI,A.F.FAIRALL,D.W.WEEDMAN,ASTROPHYS.J.,"
193,"VOL.221,1978,P776)."
193,"(radial velocities of galaxies, U-B and B-V colors)"
194,"A.LAUBERTS,   EUROPEAN SOUTHERN OBSERVATORY,1982,"
194,"THE ESO/UPPSALA SURVEY OF THE ESO(B) ATLAS,"
194,"(SOURCES OF RADIAL VELOCITIES (67-73,76):"
194,"1)R.M.WEST,ASTRON.ASTROPHYS.SUPPL.,VOL.27,1977,P73"
194,"2)R.M.WEST,A.C.DANKS,G.ALCAINO,ASTRON.ASTROPHYS.,"
194,"VOL.62,1978,PL13;"
194,"3)R.M.WEST,A.C.DANKS,G.ALCAINO,ASTRON.ASTROPHYS.,"
194,"VOL.65,1978,P151;"
194,"4)R.M.WEST,P.GROSBOL,C.STERKEN,ESO PREPRINT,N101,"
194,1980;
194,"5)R.M.WEST,S.FRANDSEN,ESO PREPRINT,N110,1980;"
194,"6)R.M.WEST,ASTRON.ASTROPHYS.,VOL.95,1981,P1;"
194,"7)R.M.WEST,J.SURDEJ,H.-E.SCHUSTER,A.B.MULLER,"
194,"S.LAUSTSEN,T.M.BORCHKHADZE,ASTRON.ASTROPHYS."
194,"SUPPL.SER.,VOL.46,1981,P57;"
194,"8)R.M.WEST,R.BARBIER,SUBM.TO ASTRON.ASTROPHYS.,"
194,1981).
194,(radial velocities of galaxies;)
195,"A.LAUBERTS,   EUROPEAN SOUTHERN OBSERVATORY,1982,"
195,"THE ESO/UPPSALA SURVEY OF THE ESO(B) ATLAS,"
195,(SOURCE OF RADIAL VELOCITIES:
195,"M.V.PENSTON,R.A.E.FOSBURY,M.J.WARD,A.S.WILSON,"
195,"MON.NOT.R.A.S.,VOL.180,1977,P19)."
195,(radial velocities of galaxies)
196,"A.LAUBERTS,   EUROPEAN SOUTHERN OBSERVATORY,1982,"
196,"THE ESO/UPPSALA SURVEY OF THE ESO(B) ATLAS,"
196,(SOURCE OF RADIAL VELOCITIES AND COLORS:
196,"A.SANDAGE,ASTROPHYS.J.,VOL.202,1975,P563)."
196,"(radial velocities of galaxies, U-B and B-V colors)"
197,"O.-G.RICHTER,J.MATERNE,W.K.HUCHTMEIER,   ASTRON.ASTROPHYS.,"
197,"VOL.111,1982,PP193-200,"
197,THE HYDRA I CLUSTER OF GALAXIES.
197,(radial velocities of galaxies)
198,"P.TENJES,P.KALAMEES,J.EINASTO,M.JOEVEER,P.BROSCHE,"
198,"F.-TH.LENTES,   STRUVE ASTROPHYS.OBS.TARTU,"
198,"1982,"
198,A LIST OF ELITE-GALAXIES.
198,(radial velocities of galaxies)
199,"G.LONGO,A.DE VAUCOULEURS,H.G.CORWIN,JR.,G.DE VAUCOULEURS,"
199,"TEXAS UNIVERS.,AUSTIN,MONOGR.ASTRON.NO.3,1983,"
199,A GENERAL CATALOGUE OF PHOTOELECTRIC MAGNITUDES
199,"AND COLORS IN THE U,B,V SYSTEM OF 3578 GALAXIES"
199,BRIGHTER THAN THE 16-TH V-MAGNITUDE (1936-1982).
199,(SOURCE OF COLORS:UNPUBLISHED OBSERVATIONS FROM
199,1977 TO 1982).
199,(U-B and B-V colors)
200,"G.LONGO,A.DE VAUCOULEURS,H.G.CORWIN,JR.,G.DE VAUCOULEURS,"
200,"TEXAS UNIVERS.,AUSTIN,MONOGR.ASTRON.NO.3,1983,"
200,A GENERAL CATALOGUE OF PHOTOELECTRIC MAGNITUDES
200,"AND COLORS IN THE U,B,V SYSTEM OF 3578 GALAXIES"
200,BRIGHTER THAN THE 16-TH V-MAGNITUDE (1936-1982).
200,(SOURCE OF COLORS:
200,"H.G.CORWIN,JR,1982,UNPUBLISHED MCDONALD 76-CM"
200,OBSERVATIONS).
200,(U-B and B-V colors)
201,"G.LONGO,A.DE VAUCOULEURS,H.G.CORWIN,JR.,G.DE VAUCOULEURS,"
201,"TEXAS UNIVERS.,AUSTIN,MONOGR.ASTRON.NO.3,1983,"
201,A GENERAL CATALOGUE OF PHOTOELECTRIC MAGNITUDES
201,"AND COLORS IN THE U,B,V SYSTEM OF 3578 GALAXIES"
201,BRIGHTER THAN THE 16-TH V-MAGNITUDE (1936-1982).
201,(SOURCE OF COLORS:
201,"A.SANDAGE,N.VISVANATHAN,ASTROPHYS.J.,VOL.223,1978,"
201,P707).
201,(U-B and B-V colors)
202,"G.LONGO,A.DE VAUCOULEURS,H.G.CORWIN,JR.,G.DE VAUCOULEURS,"
202,"TEXAS UNIVERS.,AUSTIN,MONOGR.ASTRON.NO.3,1983,"
202,A GENERAL CATALOGUE OF PHOTOELECTRIC MAGNITUDES
202,"AND COLORS IN THE U,B,V SYSTEM OF 3578 GALAXIES"
202,BRIGHTER THAN THE 16-TH V-MAGNITUDE (1936-1982).
202,(SOURCE OF COLORS:
202,"G.DE VAUCOULEURS,A.DE VAUCOULEURS,H.G.CORWIN,JR.,"
202,"ASTRON.J.,VOL.83,1978,P1331)."
202,(U-B and B-V colors)
203,"G.LONGO,A.DE VAUCOULEURS,H.G.CORWIN,JR.,G.DE VAUCOULEURS,"
203,"TEXAS UNIVERS.,AUSTIN,MONOGR.ASTRON.NO.3,1983,"
203,A GENERAL CATALOGUE OF PHOTOELECTRIC MAGNITUDES
203,"AND COLORS IN THE U,B,V SYSTEM OF 3578 GALAXIES"
203,BRIGHTER THAN THE 16-TH V-MAGNITUDE (1936-1982).
203,(SOURCE OF COLORS:
203,"J.P.HUCHRA,ASTROPHYS.J.SUPPL.SER.,VOL.35,1977,P171"
203,(U-B and B-V colors).)
204,"G.LONGO,A.DE VAUCOULEURS,H.G.CORWIN,JR.,G.DE VAUCOULEURS,"
204,"TEXAS UNIVERS.,AUSTIN,MONOGR.ASTRON.NO.3,1983,"
204,A GENERAL CATALOGUE OF PHOTOELECTRIC MAGNITUDES
204,"AND COLORS IN THE U,B,V SYSTEM OF 3578 GALAXIES"
204,BRIGHTER THAN THE 16-TH V-MAGNITUDE (1936-1982).
204,(SOURCE OF COLORS:
204,"1)H.D.ABLES,PUBL.U.S.NAVAL OBS.,VOL.20,1971,"
204,"2)H.D.ABLES,P.G.ABLES,ASTROPHYS.J.SUPPL,SER.,"
204,"VOL.34,1977,P245)."
204,(U-B and B-V colors)
205,"G.LONGO,A.DE VAUCOULEURS,H.G.CORWIN,JR.,G.DE VAUCOULEURS,"
205,"TEXAS UNIVERS.,AUSTIN,MONOGR.ASTRON.NO.3,1983,"
205,A GENERAL CATALOGUE OF PHOTOELECTRIC MAGNITUDES
205,"AND COLORS IN THE U,B,V SYSTEM OF 3578 GALAXIES"
205,BRIGHTER THAN THE 16-TH V-MAGNITUDE (1936-1982).
205,(SOURCE OF COLORS:
205,"1)V.P.ARKHIPOVA,M.V.SAVELYEVA,ASTRON.CIRC.(USSR),"
205,"VOL.814,1974,"
205,"2)V.P.ARKHIPOVA,ASTRON.ZH.,VOL.26,1982,P129)."
205,(U-B and B-V colors)
206,"G.LONGO,A.DE VAUCOULEURS,H.G.CORWIN,JR.,G.DE VAUCOULEURS,"
206,"TEXAS UNIVERS.,AUSTIN,MONOGR.ASTRON.NO.3,1983,"
206,A GENERAL CATALOGUE OF PHOTOELECTRIC MAGNITUDES
206,"AND COLORS IN THE U,B,V SYSTEM OF 3578 GALAXIES"
206,BRIGHTER THAN THE 16-TH V-MAGNITUDE (1936-1982).
206,(SOURCE OF COLORS:UNPUBLISHED OBSERVATIONS BY
206,R.BUTA).
206,(U-B and B-V colors)
207,"G.LONGO,A.DE VAUCOULEURS,H.G.CORWIN,JR.,G.DE VAUCOULEURS,"
207,"TEXAS UNIVERS.,AUSTIN,MONOGR.ASTRON.NO.3,1983,"
207,A GENERAL CATALOGUE OF PHOTOELECTRIC MAGNITUDES
207,"AND COLORS IN THE U,B,V SYSTEM OF 3578 GALAXIES"
207,BRIGHTER THAN THE 16-TH V-MAGNITUDE (1936-1982).
207,(SOURCE OF COLORS:
207,"1)D.W.WEEDMAN,ASTROPHYS.J.,VOL.183,1973,P29,"
207,"2)D.W.WEEDMAN,ASTROPHYS.J.,VOL.195,1975,P587,"
207,"3)D.W.WEEDMAN,ASTROPHYS.J.,VOL.203,1976,P6,"
207,"4)D.W.WEEDMAN,E.YE.KHACHIKIAN,ASTROFIZIKA,VOL.5,"
207,"1969,P113)."
207,(U-B and B-V colors)
208,"G.LONGO,A.DE VAUCOULEURS,H.G.CORWIN,JR.,G.DE VAUCOULEURS,"
208,"TEXAS UNIVERS.,AUSTIN,MONOGR.ASTRON.NO.3,1983,"
208,A GENERAL CATALOGUE OF PHOTOELECTRIC MAGNITUDES
208,"AND COLORS IN THE U,B,V SYSTEM OF 3578 GALAXIES"
208,BRIGHTER THAN THE 16-TH V-MAGNITUDE (1936-1982).
208,(SOURCE OF COLORS:
208,"W.ROMANISHIN,UNIVERS.OF ARIZONA,PH.D.THESIS,1980)."
208,(U-B and B-V colors)
209,"G.LONGO,A.DE VAUCOULEURS,H.G.CORWIN,JR.,G.DE VAUCOULEURS,"
209,"TEXAS UNIVERS.,AUSTIN,MONOGR.ASTRON.NO.3,1983,"
209,A GENERAL CATALOGUE OF PHOTOELECTRIC MAGNITUDES
209,"AND COLORS IN THE U,B,V SYSTEM OF 3578 GALAXIES"
209,BRIGHTER THAN THE 16-TH V-MAGNITUDE (1936-1982).
209,(SOURCE OF COLORS:
209,"1)A.H.TOMOV,ASTRON.ZH.,VOL.55,1978,P944,"
209,"2)A.H.TOMOV,ASTRON.ZH.,VOL.56,1979,P949)."
209,(U-B and B-V colors)
210,"G.LONGO,A.DE VAUCOULEURS,H.G.CORWIN,JR.,G.DE VAUCOULEURS,"
210,"TEXAS UNIVERS.,AUSTIN,MONOGR.ASTRON.NO.3,1983,"
210,A GENERAL CATALOGUE OF PHOTOELECTRIC MAGNITUDES
210,"AND COLORS IN THE U,B,V SYSTEM OF 3578 GALAXIES"
210,BRIGHTER THAN THE 16-TH V-MAGNITUDE (1936-1982).
210,(SOURCE OF COLORS:
210,"1)W.G.TIFFT,ASTRON.J.,VOL.66,1961,P390,"
210,"2)W.G.TIFFT,ASTRON.J.,VOL.68,1963,P302,"
210,"3)W.G.TIFFT,ASTRON.J.,VOL.74,1969,P354,"
210,"4)W.G.TIFFT,PUBL.A.S.P.,VOL.85,1973,P283)."
210,(U-B and B-V colors)
211,"G.LONGO,A.DE VAUCOULEURS,H.G.CORWIN,JR.,G.DE VAUCOULEURS,"
211,"TEXAS UNIVERS.,AUSTIN,MONOGR.ASTRON.NO.3,1983,"
211,A GENERAL CATALOGUE OF PHOTOELECTRIC MAGNITUDES
211,"AND COLORS IN THE U,B,V SYSTEM OF 3578 GALAXIES"
211,BRIGHTER THAN THE 16-TH V-MAGNITUDE (1936-1982).
211,(SOURCE OF COLORS:
211,"J.S.NEFF,MON.NOT.R.A.S.,VOL.149,1970,P45)."
211,(U-B and B-V colors)
212,"G.LONGO,A.DE VAUCOULEURS,H.G.CORWIN,JR.,G.DE VAUCOULEURS,"
212,"TEXAS UNIVERS.,AUSTIN,MONOGR.ASTRON.NO.3,1983,"
212,A GENERAL CATALOGUE OF PHOTOELECTRIC MAGNITUDES
212,"AND COLORS IN THE U,B,V SYSTEM OF 3578 GALAXIES"
212,BRIGHTER THAN THE 16-TH V-MAGNITUDE (1936-1982).
212,(SOURCE OF COLORS:
212,"1)A.R.SANDAGE,ASTROPHYS.J.,VOL.176,1972,P21,"
212,"2)A.R.SANDAGE,ASTROPHYS.J.,VOL.178,1972,P1,"
212,"3)A.R.SANDAGE,ASTROPHYS.J.,VOL.178,1972,P25,"
212,"4)A.R.SANDAGE,ASTROPHYS.J.,VOL.183,1973,P711)."
212,(U-B and B-V colors)
213,"G.LONGO,A.DE VAUCOULEURS,H.G.CORWIN,JR.,G.DE VAUCOULEURS,"
213,"TEXAS UNIVERS.,AUSTIN,MONOGR.ASTRON.NO.3,1983,"
213,A GENERAL CATALOGUE OF PHOTOELECTRIC MAGNITUDES
213,"AND COLORS IN THE U,B,V SYSTEM OF 3578 GALAXIES"
213,BRIGHTER THAN THE16-TH V-MAGNITUDE (1936-1982).
213,(SOURCES OF COLORS:
213,"1)R.R.CHOBBROOK,MON.NOT.R.ASTR.SOC.,VOL.131,"
213,"1966,P351;"
213,2)OBSERVATIONS BY R.SHOBBROOK AND J.E.SOLHEIM).
213,(U-B and B-V colors)
214,"G.LONGO,A.DE VAUCOULEURS,H.G.CORWIN,JR.,G.DE VAUCOULEURS,"
214,"TEXAS UNIVERS.,AUSTIN,MONOGR.ASTRON.NO.3,1983,"
214,A GENERAL CATALOGUE OF PHOTOELECTRIC MAGNITUDES
214,"AND COLORS IN THE U,B,V SYSTEM OF 3578 GALAXIES"
214,BRIGHTER THAN THE 16-TH V-MAGNITUDE (1936-1982).
214,(SOURCE OF COLORS:
214,"N.BROSH,G.SHAVIV,ASTROPHYS.J.,VOL.253,1982,P526"
214,AND PRIVATE COMMUNICATION).
214,(U-B and B-V colors)
215,"G.LONGO,A.DE VAUCOULEURS,H.G.CORWIN,JR.,G.DE VAUCOULEURS,"
215,"TEXAS UNIVERS.,AUSTIN,MONOGR.ASTRON.NO.3,1983,"
215,A GENERAL CATALOGUE OF PHOTOELECTRIC MAGNITUDES
215,"AND COLORS IN THE U,B,V SYSTEM OF 3578 GALAXIES"
215,BRIGHTER THAN THE 16-TH V-MAGNITUDE (1936-1982).
215,(SOURCE OF COLORS:
215,"J.KORMENDY,ASTROPHYS.J.,VOL.214,1977,P359)."
215,(U-B and B-V colors)
216,"G.LONGO,A.DE VAUCOULEURS,H.G.CORWIN,JR.,G.DE VAUCOULEURS,"
216,"TEXAS UNIVERS.,AUSTIN,MONOGR.ASTRON.NO.3,1983,"
216,A GENERAL CATALOGUE OF PHOTOELECTRIC MAGNITUDES
216,"AND COLORS IN THE U,B,V SYSTEM OF 3578 GALAXIES"
216,BRIGHTER THAN THE 16-TH V-MAGNITUDE (1936-1982).
216,(SOURCE OF COLORS:
216,"V.C.KEEL,D.W.WEEDMAN,ASTRON.J.,VOL.83,1978,P1)."
216,(U-B and B-V colors)
217,"G.LONGO,A.DE VAUCOULEURS,H.G.CORWIN,JR.,G.DE VAUCOULEURS,"
217,"TEXAS UNIVERS.,AUSTIN,MONOGR.ASTRON.NO.3,1983,"
217,A GENERAL CATALOGUE OF PHOTOELECTRIC MAGNITUDES
217,"AND COLORS IN THE U,B,V SYSTEM OF 3578 GALAXIES"
217,BRIGHTER THAN THE 16-TH V-MAGNITUDE (1936-1982).
217,(SOURC5 OF COLORS:
217,"1)E.A.DIBAI,ASTROFIZIKA,VOL.6,1970,P350,"
217,"2)E.A.DIBAI,V.T.DOROSHENKO,K.A.POSTNOV,PIS'MA"
217,"ASTRON.ZH.,VOL.7,1981,P295)."
217,(U-B and B-V colors)
218,"G.LONGO,A.DE VAUCOULEURS,H.G.CORWIN,JR.,G.DE VAUCOULEURS,"
218,"TEXAS UNIVERS.,AUSTIN,MONOGR.ASTRON.NO.3,1983,"
218,A GENERAL CATALOGUE OF PHOTOELECTRIC MAGNITUDES
218,"AND COLORS IN THE U,B,V SYSTEM OF 3578 GALAXIES"
218,BRIGHTER THAN THE 16-TH V-MAGNITUDE (1936-1982).
218,(SOURCE OF COLORS:
218,"P.A.VARDANJAN,A.H.TOMOV,SOOBSHCH.BYURAKAN.OBS.,"
218,"VOL.52,1980,P3)."
218,(U-B and B-V colors)
219,"G.LONGO,A.DE VAUCOULEURS,H.G.CORWIN,JR.,G.DE VAUCOULEURS,"
219,"TEXAS UNIVERS.,AUSTIN,MONOGR.ASTRON.NO.3,1983,"
219,A GENERAL CATALOGUE OF PHOTOELECTRIC MAGNITUDES
219,"AND COLORS IN THE U,B,V SYSTEM OF 3578 GALAXIES"
219,BRIGHTER THAN THE 16-TH V-MAGNITUDE (1936-1982).
219,(SOURCE OF COLORS:
219,"1)G.DE VAUCOULEURS,LOWELL OBS.BULL.,VOL.4,NO.97,"
219,"1959,"
219,"2)G.DE VAUCOULEURS,LOWELL OBS.BULL.,VOL.4,NO.98,"
219,1959).
219,(U-B and B-V colors)
220,"G.LONGO,A.DE VAUCOULEURS,H.G.CORWIN,JR.,G.DE VAUCOULEURS,"
220,"TEXAS UNIVERS.,AUSTIN,MONOGR.ASTRON.NO.3,1983,"
220,A GENERAL CATALOGUE OF PHOTOELECTRIC MAGNITUDES
220,"AND COLORS IN THE U,B,V SYSTEM OF 3578 GALAXIES"
220,BRIGHTER THAN THE 16-TH V-MAGNITUDE (1936-1982).
220,(SOURCE OF COLORS:
220,"R.P.S.STONE,ASTROPHYS.J.SUPPL.SER.,VOL.48,1982,"
220,P395).
220,(U-B and B-V colors)
221,"G.LONGO,A.DE VAUCOULEURS,H.G.CORWIN,JR.,G.DE VAUCOULEURS,"
221,"TEXAS UNIVERS.,AUSTIN,MONOGR.ASTRON.NO.3,1983,"
221,A GENERAL CATALOGUE OF PHOTOELECTRIC MAGNITUDES
221,"AND COLORS IN THE U,B,V SYSTEM OF 3578 GALAXIES"
221,BRIGHTER THAN THE 16-TH V-MAGNITUDE (1936-1982).
221,(SOURCE OF COLORS:
221,"R.J.ANGIONE,PRIVATE COMMUNICATION)."
221,(U-B and B-V colors)
222,"G.LONGO,A.DE VAUCOULEURS,H.G.CORWIN,JR.,G.DE VAUCOULEURS,"
222,"TEXAS UNIVERS.,AUSTIN,MONOGR.ASTRON.NO.3,1983,"
222,A GENERAL CATALOGUE OF PHOTOELECTRIC MAGNITUDES
222,"AND COLORS IN THE U,B,V SYSTEM OF 3578 GALAXIES"
222,BRIGHTER THAN THE 16-TH V-MAGNITUDE (1936-1982).
222,(SOURCE OF COLORS:
222,"M.H.ULRICH,T.D.KINMAN,C.R.LYNDS,G.H.RIEKE,"
222,"R.D.EKERS,ASTROPHYS.J.,VOL.198,1975,P261)."
222,(U-B and B-V colors)
223,"G.LONGO,A.DE VAUCOULEURS,H.G.CORWIN,JR.,G.DE VAUCOULEURS,"
223,"TEXAS UNIVERS.,AUSTIN,MONOGR.ASTRON.NO.3,1983,"
223,A GENERAL CATALOGUE OF PHOTOELECTRIC MAGNITUDES
223,"AND COLORS IN THE U,B,V SYSTEM OF 3578 GALAXIES"
223,BRIGHTER THAN TH5 16-TH V-MAGNITUDE (1936-1982).
223,(SOURCE OF COLORS:
223,"S.VAN DEN BERGH,ASTROPHYS.J.,VOL.212,1977,P317)."
223,(U-B and B-V colors)
224,"G.LONGO,A.DE VAUCOULEURS,H.G.CORWIN,JR.,G.DE VAUCOULEURS,"
224,"TEXAS UNIVERS.,AUSTIN,MONOGR.ASTRON.NO.3,1983,"
224,A GENERAL CATALOGUE OF PHOTOELECTRIC MAGNITUDES
224,"AND COLORS IN THE U,B,V SYSTEM OF 3578 GALAXIES"
224,BRIGHTER THAN THE 16-TH V-MAGNITUDE (1936-1982).
224,(SOURCE OF COLORS:
224,"A.G.PACHOLZYK,M.TARENGHI,MEM.SOC.ASTRON.ITALIA,"
224,"VOL.46,1975,P199)."
224,(U-B and B-V colors)
225,"G.LONGO,A.DE VAUCOULEURS,H.G.CORWIN,JR.,G.DE VAUCOULEURS,"
225,"TEXAS UNIVERS.,AUSTIN,MONOGR.ASTRON.NO.3,1983,"
225,A GENERAL CATALOGUE OF PHOTOELECTRIC MAGNITUDES
225,"AND COLORS IN THE U,B,V SYSTEM OF 3578 GALAXIES"
225,BRIGHTER THAN THE 16-TH V-MAGNITUDE (1936-1982).
225,(SOURCE OF COLORS:
225,"M.A.ARAKELIAN,E.A.DIBAY,V.M.LYUTYI,ASTROFIZIKA,"
225,"VOL.8,1972,P473)."
225,(U-B and B-V colors)
226,"G.LONGO,A.DE VAUCOULEURS,H.G.CORWIN,JR.,G.DE VAUCOULEURS,"
226,"TEXAS UNIVERS.,AUSTIN,MONOGR.ASTRON.NO.3,1983,"
226,A GENERAL CATALOGUE OF PHOTOELECTRIC MAGNITUDES
226,"AND COLORS IN THE U,B,V SYSTEM OF 3578 GALAXIES"
226,BRIGHTER THAN THE 16-TH V-MAGNITUDE (1936-1982).
226,(SOURCE OF COLORS:
226,"M.F.WALKER,G.CHINCARINI,ASTROPHYS.J.,VOL.147,"
226,"1967,P416)."
226,(U-B and B-V colors)
227,"G.LONGO,A.DE VAUCOULEURS,H.G.CORWIN,JR.,G.DE VAUCOULEURS,"
227,"TEXAS UNIVERS.,AUSTIN,MONOGR.ASTRON.NO.3,1983,"
227,A GENERAL CATALOGUE OF PHOTOELECTRIC MAGNITUDES
227,"AND COLORS IN THE U,B,V SYSTEM OF 3578 GALAXIES"
227,BRIGHTER THAN THE 16-TH V-MAGNITUDE (1936-1982).
227,(SOURCE OF COLORS:
227,"N.VISVANATHAN,D.GRIERSMITH,ASTRON.ASTROPHYS.,"
227,"VOL.59,1977,P317)."
227,(U-B and B-V colors)
228,"G.LONGO,A.DE VAUCOULEURS,H.G.CORWIN,JR.,G.DE VAUCOULEURS,"
228,"TEXAS UNIVERS.,AUSTIN,MONOGR.ASTRON.NO.3,1983,"
228,A GENERAL CATALOGUE OF PHOTOELECTRIC MAGNITUDES
228,"AND COLORS IN THE U,B,V SYSTEM OF 3578 GALAXIES"
228,BRIGHTER THAN THE 16-TH V-MAGNITUDE (1936-1982).
228,(SOURCE OF COLORS:
228,"1)R.J.SMYTH,R.S.STOBIE,MON.NOT.R.A.S.,VOL.190,"
228,"1980,P631,"
228,"2)R.J.SMITH,1982,PRIVATE COMMUNICATION)."
228,(U-B and B-V colors)
229,"G.LONGO,A.DE VAUCOULEURS,H.G.CORWIN,JR.,G.DE VAUCOULEURS,"
229,"TEXAS UNIVERS.,AUSTIN,MONOGR.ASTRON.NO.3,1983,"
229,A GENERAL CATALOGUE OF PHOTOELECTRIC MAGNITUDES
229,"AND COLORS IN THE U,B,V SYSTEM OF 3578 GALAXIES"
229,BRIGHTER THAN THE 16-TH V-MAGNITUDE (1936-1982).
229,(SOURCE OF COLORS:
229,"1)E.YE.KHACHIKIAN,D.W.WEEDMAN,ASTROPHYS.J.,"
229,"VOL.192,1974,P581,"
229,"2)E.YE.KHACHIKIAN,D.W.WEEDMAN,ASTROPHYS.J."
229,"(LETTERS),VOL.189,1974,PL99)."
229,(U-B and B-V colors)
230,"G.LONGO,A.DE VAUCOULEURS,H.G.CORWIN,JR.,G.DE VAUCOULEURS,"
230,"TEXAS UNIVERS.,AUSTIN,MONOGR.ASTRON.NO.3,1983,"
230,A GENERAL CATALOGUE OF PHOTOELECTRIC MAGNITUDES
230,"AND COLORS IN THE U,B,V SYSTEM OF 3578 GALAXIES"
230,BRIGHTER THAN THE 16-TH V-MAGNITUDE (1936-1982):
230,(SOURCE OF COLORS:
230,"J.C.GODWIN,M.J.BUCKNELL,K.L.DIXON,M.R.GREEN,"
230,"F.V.PEACH,R.E.WALLIS,OBSERVATORY,VOL.97,1977,"
230,P238).
230,(U-B and B-V colors)
231,"G.LONGO,A.DE VAUCOULEURS,H.G.CORWIN,JR.,G.DE VAUCOULEURS,"
231,"TEXAS UNIVERS.,AUSTIN,MONOGR.ASTRON.NO.3,1983,"
231,A GENERAL CATALOGUE OF PHOTOELECTRIC MAGNITUDES
231,"AND COLORS IN THE U,B,V SYSTEM OF 3578 GALAXIES"
231,BRIGHTER THAN THE 16-TH V-MAGNITUDE (1936-1982).
231,(SOURCE OF COLORS:
231,"E.SADLER,1982,PH.D.THESIS,MT.STROMLO AND SIDING"
231,SPRING OBSERVATORIES).
231,(U-B and B-V colors)
232,"G.LONGO,A.DE VAUCOULEURS,H.G.CORWIN,JR.,G.DE VAUCOULEURS,"
232,"TEXAS UNIVERS.,AUSTIN,MONOGR.ASTRON.NO.3,1983,"
232,A GENERAL CATALOGUE OF PHOTOELECTRIC MAGNITUDES
232,"AND COLORS IN THE U,B,V SYSTEM OF 3578 GALAXIES"
232,BRIGHTER THAN THE 16-TH V-MA7NITUDE (1936-1982).
232,(SOURCE OF COLORS:
232,"A.FAIRALL,R.J.ANGIONE,PUBL.A.S.P.,VOL.81,1969,"
232,P685).
232,(U-B and B-V colors)
233,"G.LONGO,A.DE VAUCOULEURS,H.G.CORWIN,JR.,G.DE VAUCOULEURS,"
233,"TEXAS UNIVERS.,AUSTIN,MONOGR.ASTRON.NO.3,1983,"
233,A GENERAL CATALOGUE OF PHOTOELECTRIC MAGNITUDES
233,"AND COLORS IN THE U,B,V SYSTEM OF 3578 GALAXIES"
233,BRIGHTER THAN THE 16-TH V-MAGNITUDE (1936-1982).
233,(SOURCE OF COLORS:
233,"G.BOTHUN,1982,PH.D.THESIS,UNIV.OF WASHINGTON)."
233,(U-B and B-V colors)
234,"G.LONGO,A.DE VAUCOULEURS,H.G.CORWIN,JR.,G.DE VAUCOULEURS,"
234,"TEXAS UNIVERS.,AUSTIN,MONOGR.ASTRON.NO.3,1983,"
234,A GENERAL CATALOGUE OF PHOTOELECTRIC MAGNITUDES
234,"AND COLORS IN THE U,B,V SYSTEM OF 3578 GALAXIES"
234,BRIGHTER THAN THE 16-TH V-MAGNITUDE (1936-1982).
234,(SOURCE OF COLORS:
234,"J.H.BIGAY,R.DUMONT,ANN.D'ASTROPHYS.,VOL.17,1954,"
234,P78).
234,(U-B and B-V colors)
235,"G.LONGO,A.DE VAUCOULEURS,H.G.CORWIN,JR.,G.DE VAUCOULEURS,"
235,"TEXAS UNIVERS.,AUSTIN,MONOGR.ASTRON.NO.3,1983,"
235,A GENERAL CATALOGUE OF PHOTOELECTRIC MAGNITUDES
235,"AND COLORS IN THE U,B,V SYSTEM OF 3578 GALAXIES"
235,BRIGHTER THAN THE 16-TH V-MAGNITUDE (1936-1982).
235,(SOURCE OF COLORS:
235,"B.M.PETERSON,K.FRICKE,P.BIERMANN,PUBL.A.S.P.,"
235,"VOL.93,1981,P281)."
235,(U-B and B-V colors)
236,"G.LONGO,A.DE VAUCOULEURS,H.G.CORWIN,JR.,G.DE VAUCOULEURS,"
236,"TEXAS UNIVERS.,AUSTIN,MONOGR.ASTRON.NO.3,1983,"
236,A GENERAL CATALOGUE OF PHOTOELECTRIC MAGNITUDES
236,"AND COLORS IN THE U,B,V SYSTEM OF 3578 GALAXIES"
236,BRIGHTER THAN THE 16-TH V-MAGNITUDE (1936-1982).
236,(SOURCE OF COLORS:
236,"G.CHINCARINI,M.F.WALKER,1975,PRIVATE COMMUNICATION"
236,(U-B and B-V colors).)
237,"G.LONGO,A.DE VAUCOULEURS,H.G.CORWIN,JR.,G.DE VAUCOULEURS,"
237,"TEXAS UNIVERS.,AUSTIN,MONOGR.ASTRON.NO.3,1983,"
237,A GENERAL CATALOGUE OF PHOTOELECTRIC MAGNITUDES
237,"AND COLORS IN THE U,B,V SYSTEM OF 3578 GALAXIES"
237,BRIGHTER THAN THE 16-TH V-MAGNITUDE (1936-1982).
237,(SOURCE OF COLORS:
237,"W.A.HILTNER,B.IRIARTE,ASTROPHYS.J.,VOL.128,1958,"
237,P443).
237,(U-B and B-V colors)
238,"G.LONGO,A.DE VAUCOULEURS,H.G.CORWIN,JR.,G.DE VAUCOULEURS,"
238,"TEXAS UNIVERS.,AUSTIN,MONOGR.ASTRON.NO.3,1983,"
238,A GENERAL CATALOGUE OF PHOTOELECTRIC MAGNITUDES
238,"AND COLORS IN THE U,B,V SYSTEM OF 3578 GALAXIES"
238,BRIGHTER THAN THE 16-TH V-MAGNITUDE (1936-1982).
238,(SOURCE OF COLORS:
238,"J.H.BYGAY,G.PATUREL,ASTRON.ASTROPHYS.SUPPL.SER.,"
238,"VOL.42,1980,P69)."
238,(U-B and B-V colors)
239,"G.LONGO,A.DE VAUCOULEURS,H.G.CORWIN,JR.,G.DE VAUCOULEURS,"
239,"TEXAS UNIVERS.,AUSTIN,MONOGR.ASTRON.NO.3,1983,"
239,A GENERAL CATALOGUE OF PHOTOELECTRIC MAGNITUDES
239,"AND COLORS IN THE U,B,V SYSTEM OF 3578 GALAXIES"
239,BRIGHTER THAN THE 16-TH V-MAGNITUDE (1936-1982).
239,(SOURCE OF COLORS:
239,"B.M.LASKER,ASTRON.J.,VOL.75,1970,P21)."
239,(U-B and B-V colors)
240,"G.LONGO,A.DE VAUCOULEURS,H.G.CORWIN,JR.,G.DE VAUCOULEURS,"
240,"TEXAS UNIVERS.,AUSTIN,MONOGR.ASTRON.NO.3,1983,"
240,A GENERAL CATALOGUE OF PHOTOELECTRIC MAGNITUDES
240,"AND COLORS IN THE U,B,V SYSTEM OF 3578 GALAXIES"
240,BRIGHTER THAN THE 16-TH V-MAGNITUDE (1936-1982).
240,(SOURCE OF COLORS:
240,"R.MICHARD,ASTRON.ASTROPHYS.SUPPL.SER.,VOL.49,1982,"
240,P591).
240,(U-B and B-V colors)
241,"G.LONGO,A.DE VAUCOULEURS,H.G.CORWIN,JR.,G.DE VAUCOULEURS,"
241,"TEXAS UNIVERS.,AUSTIN,MONOGR.ASTRON.NO.3,1983,"
241,A GENERAL CATALOGUE OF PHOTOELECTRIC MAGNITUDES
241,"AND COLORS IN THE U,B,V SYSTEM OF 3578 GALAXIES"
241,BRIGHTER THAN THE 16-TH V-MAGNITUDE (1936-1982).
241,(SOURCE OF COLORS:
241,"R.LYNDS,ASTROPHYS.J.(LETTERS),VOL.168,1971,PL87)."
241,(U-B and B-V colors)
242,"G.LONGO,A.DE VAUCOULEURS,H.G.CORWIN,JR.,G.DE VAUCOULEURS,"
242,"TEXAS UNIVERS.,AUSTIN,MONOGR.ASTRON.NO.3,1983,"
242,A GENERAL CATALOGUE OF PHOTOELECTRIC MAGNITUDES
242,"AND COLORS IN THE U,B,V SYSTEM OF 3578 GALAXIES"
242,BRIGHTER THAN THE 16-TH V-MAGNITUDE (1936-1982).
242,(SOURCE OF COLORS:
242,"A.J.LONGMORE,R.M.SHARPLESS,1979,PRIVATE COMM.)."
242,(U-B and B-V colors)
243,"G.LONGO,A.DE VAUCOULEURS,H.G.CORWIN,JR.,G.DE VAUCOULEURS,"
243,"TEXAS UNIVERS.,AUSTIN,MONOGR.ASTRON.NO.3,1983,"
243,A GENERAL CATALOGUE OF PHOTOELECTRIC MAGNITUDES
243,"AND COLORS IN THE U,B,V SYSTEM OF 3578 GALAXIES"
243,BRIGHTER THAN THE 16-TH V-MAGNITUDE (1936-1982).
243,(SOURCE OF COLORS:
243,"J.GRAHAM,ASTRON.J.,VOL.81,1976,P681)."
243,(U-B and B-V colors)
244,"G.LONGO,A.DE VAUCOULEURS,H.G.CORWIN,JR.,G.DE VAUCOULEURS,"
244,"TEXAS UNIVERS.,AUSTIN,MONOGR.ASTRON.NO.3,1983,"
244,A GENERAL CATALOGUE OF PHOTOELECTRIC MAGNITUDES
244,"AND COLORS IN THE U,B,V SYSTEM OF 3578 GALAXIES"
244,BRIGHTER THAN THE 16-TH V-MAGNITUDE (1936-1982).
244,(SOURCE OF COLORS:
244,"G.WEGNER,ASTROPHYS.SPACE SCY.,VOL.60,1979,P15)."
244,(U-B and B-V colors)
245,"G.LONGO,A.DE VAUCOULEURS,H.G.CORWIN,JR.,G.DE VAUCOULEURS,"
245,"TEXAS UNIVERS.,AUSTIN,MONOGR.ASTRON.NO.3,1983,"
245,A GENERAL CATALOGUE OF PHOTOELECTRIC MAGNITUDES
245,"AND COLORS IN THE U,B,V SYSTEM OF 3578 GALAXIES"
245,BRIGHTER THAN THE 16-TH V-MAGNITUDE (1936-1982).
245,(SOURCE OF COLORS:
245,"R.J.BUTA,1982,PRIVATE COMMUNICATION)."
245,(U-B and B-V colors)
246,"G.LONGO,A.DE VAUCOULEURS,H.G.CORWIN,JR.,G.DE VAUCOULEURS,"
246,"TEXAS UNIVERS.,AUSTIN,MONOGR.ASTRON.NO.3,1983,"
246,A GENERAL CATALOGUE OF PHOTOELECTRIC MAGNITUDES
246,"AND COLORS IN THE U,B,V SYSTEM OF 3578 GALAXIES"
246,BRIGHTER THAN THE 16-TH V-MAGNITUDE (1936-1982).
246,(SOURCE OF COLORS:
246,"C.J.PETERSON,PUBL.A.S.P.,VOL.94,1982,P404)."
246,(U-B and B-V colors)
247,"G.LONGO,A.DE VAUCOULEURS,H.G.CORWIN,JR.,G.DE VAUCOULEURS,"
247,"TEXAS UNIVERS.,AUSTIN,MONOGR.ASTRON.NO.3,1983,"
247,A GENERAL CATALOGUE OF PHOTOELECTRIC MAGNITUDES
247,"AND COLORS IN THE U,B,V SYSTEM OF 3578 GALAXIES"
247,BRIGHTER THAN THE 16-TH V-MAGNITUDE (1936-1982).
247,(SOURCE OF COLORS:
247,"G.DE VAUCOULEURS,A.DE VAUCOULEURS,1982,MOUNT"
247,"STROMLO AND SIDING SPRING OBSERVATORIES,TO BE"
247,PUBLISHED).
247,(U-B and B-V colors)
248,"G.LONGO,A.DE VAUCOULEURS,H.G.CORWIN,JR.,G.DE VAUCOULEURS,"
248,"TEXAS UNIVERS.,AUSTIN,MONOGR.ASTRON.NO.3,1983,"
248,A GENERAL CATALOGUE OF PHOTOELECTRIC MAGNITUDES
248,"AND COLORS IN THE U,B,V SYSTEM OF 3578 GALAXIES"
248,BRIGHTER THAN THE 16-TH V-MAGNITUDE (1936-1982).
248,(SOURCE OF COLORS:
248,"S.E.PERSSON,J.A.FROGEL,M.AARONSON,ASTROPHYS.J."
248,"SUPPL.SER.,VOL.39,1979,P61)."
248,(U-B and B-V colors)
249,"G.LONGO,A.DE VAUCOULEURS,H.G.CORWIN,JR.,G.DE VAUCOULEURS,"
249,"TEXAS UNIVERS.,AUSTIN,MONOGR.ASTRON.NO.3,1983,"
249,A GENERAL CATALOGUE OF PHOTOELECTRIC MAGNITUDES
249,"AND COLORS IN THE U,B,V SYSTEM OF 3578 GALAXIES"
249,BRIGHTER THAN THE 16-TH V-MAGNITUDE (1936-1982).
249,(SOURCE OF COLORS:
249,"T.BORONSON,ASTROPHYS.J.SUPPL.SER.,VOL.46,1981,P177"
249,(U-B and B-V colors).)
250,"G.LONGO,A.DE VAUCOULEURS,H.G.CORWIN,JR.,G.DE VAUCOULEURS,"
250,"TEXAS UNIVERS.,AUSTIN,MONOGR.ASTRON.NO.3,1983,"
250,A GENERAL CATALOGUE OF PHOTOELECTRIC MAGNITUDES
250,"AND COLORS IN THE U,B,V SYSTEM OF 3578 GALAXIES"
250,BRIGHTER THAN THE 16-TH V-MAGNITUDE (1936-1982).
250,(SOURCE OF COLORS:
250,"M.F.BUCKNELL,F.V.PEACH,OBSERVATORY,VOL.96,1976,P61"
250,(U-B and B-V colors).)
251,"G.LONGO,A.DE VAUCOULEURS,H.G.CORWIN,JR.,G.DE VAUCOULEURS,"
251,"TEXAS UNIVERS.,AUSTIN,MONOGR.ASTRON.NO.3,1983,"
251,A GENERAL CATALOGUE OF PHOTOELECTRIC MAGNITUDES
251,"AND COLORS IN THE U,B,V SYSTEM OF 3578 GALAXIES"
251,BRIGHTER THAN THE 16-TH V-MAGNITUDE (1936-1982):
251,(SOURCES OF COLORS:
251,"1)H.A.DOTTORI,ASTRON.ASTROPHYS.SUPPL.SER.,VOL.37,"
251,"1979,P519;"
251,"2)M.J.DISNEY,S.POTTASH,ASTRON.ASTROPHYS.,VOL.60,"
251,"1977,P43)."
251,(U-B and B-V colors)
252,"G. LONGO,A.DE VAUCOULEURS,H.G.CORWIN,JR.,G.DE VAUCOULEURS"
252,"TEXAS UNIVERS.,AUSTIN,MONOGR.ASTRON.NO.3,1983,"
252,A GENERAL CATALOGUE OF PHOTOELECTRIC MAGNITUDES
252,"AND COLORS IN THE U,B,V SYSTEM OF 3578 GALAXIES"
252,BRIGHTER THAN THE 16-TH V-MAGNITUDE (1936-1982):
252,(SOURCES OF COLORS:
252,"1)D.GRIERSMITH,ASTRON.J.,VOL.85,1980,P789;"
252,"2)D.GRIERSMITH,ASTRON.J.,VOL.87,1982,P462;"
252,"3)D.GRIERSMITH,A.R.HYLAND,T.J.JONES,ASTRON.J.,"
252,"VOL.87,1982,P1106)."
252,(U-B and B-V colors)
253,"A.LAUBERTS,   EUROPEAN SOUTHERN OBSERVATORY,1982,"
253,"THE ESO/UPPSALA SURVEY OF THE ESO(B) ATLAS,"
253,(SOURCE OF COLORS:
253,"R.P.KIRSCHNER,A.OEMLER,P.L.SCHECHTER,ASTRON.J.,"
253,"VOL.83,1978,P1549)."
253,(U-B and B-V colors)
254,"A.LAUBERTS,   EUROPEAN SOUTHERN OBSERVATORY,1982,"
254,"THE ESO/UPPSALA SURVEY OF THE ESO(B) ATLAS,"
254,(SOURCE OF MAGNITUDES (80))
254,"N.A.S.BERGVALL, UPPSALA ASTR.OBS.REPORT, N19, 1981"
254,(integral magnitudes)
255,"A.LAUBERTS,   EUROPEAN SOUTHERN OBSERVATORY,1982,"
255,"THE ESO/UPPSALA SURVEY OF THE ESO(B) ATLAS,"
255,(SOURCE OF COLORS AND RADIAL VELOCITIES (7))
255,"N.A.S.BERGVALL, T.M.BORCHKHADZE, J.BREYSACHER,"
255,"A.B.G.EKMAN,A.LAUBERTS,S.LAUSTSEN,A.B.MULLER,"
255,"H.-E.SCHUSTER,J.SURDEJ,R.M.WEST,B.E.WESTERLUND,"
255,"ASTRON.ASTROPHYS.SUPPL.,VOL.33,1978,P243)."
255,(radial velocities of galaxies U-B and B-V colors)
256,"A.LAUBERTS,   EUROPEAN SOUTHERN OBSERVATORY,1982,"
256,"THE ESO/UPPSALA SURVEY OF THE ESO(B) ATLAS,"
256,(SOURCE OF HUBBLE CLASSIFICATION)
256,(morphological classification of galaxies)
257,"A.LAUBERTS,   EUROPEAN SOUTHERN OBSERVATORY,1982,"
257,"THE ESO/UPPSALA SURVEY OF THE ESO(B) ATLAS,"
257,(SOURCE OF MAGNITUDES (91):
257,"M.R.GREEN, K.L.DIXON, THE OBSERVATORY, VOL.98,"
257,"1978,P166)."
257,(integral magnitudes)
258,"A.LAUBERTS,   EUROPEAN SOUTHERN OBSERVATORY,1982,"
258,"THE ESO/UPPSALA SURVEY OF THE ESO(B) ATLAS,"
258,"(SOURCES OF RADIAL VELOCITIES: (55,56,58):"
258,"1) J.L.SERSIC, E.L.AGUERO, ASTROPHYS.SPACE SCI.,"
258,"VOL.19,1972,P387,"
258,"2) J.L.SERSIC, ASTROPHYS.SPACE SCI., VOL.39,1976,"
258,"P477,"
258,"3) J.L.SERSIC, J.C.ARIAS, A.ARAUJO, THE OBSERVATOR"
258,"VOL.99,1979,P130)."
258,(radial velocities of galaxies U-B and B-V colors)
259,"L.N.DA COSTA,M.A.NUNES,P.S.PELLEGRINI,C.WILLMER,"
259,"G.CHINCARINI,J.J.COWAN,   ESO SCI.PR.,N402,"
259,"1985,PP1-18."
259,(radial velocities of galaxies)
260,"A.LAUBERTS,   EUROPEAN SOUTHERN OBSERVATORY,1982,"
260,"THE ESO/UPPSALA SURVEY OF THE ESO(B) ATLAS,"
260,(SOURCE OF RADIAL VELOCITIES (82):
260,"J.MELNICK,H.QUINTANA,ASTRON.J.,VOL.86,1981,"
260,P1567).
260,(radial velocities of galaxies)
261,"G.DE VAUCOULEURS,H.ABLES,   ASTROPHYS.J., VOL.151,1968,"
261,P105.
261,(radial velocities of galaxies)
262,"A.LAUBERTS,   EUROPEAN SOUTHERN OBSERVATORY,1982,"
262,"THE ESO/UPPSALA SURVEY OF THE ESO(B) ATLAS,"
262,(SOURCE OF RADIAL VELOCITIES (96):
262,"T.G.HAWARDEN,A.J.LONGMORE,W.M.GOSS,U.MEBOLD,"
262,"S.B.TRITTON,MON.NOT.R.ASTR.SOC.,VOL.196,1981,P175)"
262,(radial velocities of galaxies)
263,"A.LAUBERTS,   EUROPEAN SOUTHERN OBSERVATORY,1982,"
263,"THE ESO/UPPSALA SURVEY OF THE ESO(B) ATLAS,"
263,(SOURCE OF RADIAL VELOCITIES (17):
263,"M.DENNEFELD,S.LAUSTSEN,J.MATERNE,ASTRON.ASTROPHYS."
263,"VOL.74,1979,P123)."
263,(radial velocities of galaxies)
264,"A.LAUBERTS,   EUROPEAN SOUTHERN OBSERVATORY,1982,"
264,"THE ESO/UPPSALA SURVEY OF THE ESO(B) ATLAS,"
264,(SOURCE OF RADIAL VELOCITIES (16):
264,"J.A.DAWE,R.J.DICKENS,B.A.PETERSON,MON.NOT.R.ASTR."
264,"SOC.,VOL.178,1977,P675)."
264,(radial velocities of galaxies)
265,"A.LAUBERTS,   EUROPEAN SOUTHERN OBSERVATORY,1982,"
265,"THE ESO/UPPSALA SURVEY OF THE ESO(B) ATLAS,"
265,(SOURCE OF RADIAL VELOCITIES (64):
265,"B.L.WEBSTER,W.M.GOSS,T.G.HAWARDEN,A.J.LONGMORE,"
265,"U.MEBOLD,MON.NOT.R.ASTR.SOC.,VOL.186,1979,P31)."
265,(radial velocities of galaxies)
266,"A.LAUBERTS,   EUROPEAN SOUTHERN OBSERVATORY,1982,"
266,"THE ESO/UPPSALA SURVEY OF THE ESO(B) ATLAS,"
266,"(SOURCES OF RADIAL VELOCITIES (20,21,22,23):"
266,"1)A.P.FAIRALL, MON.NOT.R.ASTR.SOC.,VOL.188,1979,"
266,"P343,"
266,"2)A.P.FAIRALL,MON.NOT.R.ASTR.SOC.,VOL.188,1979,"
266,"P349,"
266,"3)A.P.FAIRALL,MON.NOT.R.ASTR.SOC.,VOL.192,1980,"
266,"P389,"
266,"4)A.P.FAIRALL,MON.NOT.R.ASTR.SOC.,VOL.196,1981,"
266,P417).
